Event#,Date,Temp
1,5/18/2022 17:27,10.357
2,5/18/2022 18:27,10.259
3,5/18/2022 19:27,10.357
4,5/18/2022 20:27,10.259
5,5/18/2022 21:27,10.259
6,5/18/2022 22:27,10.161
7,5/18/2022 23:27,10.161
8,5/19/2022 0:27,10.161
9,5/19/2022 1:27,10.259
10,5/19/2022 2:27,10.357
11,5/19/2022 3:27,10.455
12,5/19/2022 4:27,10.357
13,5/19/2022 5:27,10.455
14,5/19/2022 6:27,10.455
15,5/19/2022 7:27,10.455
16,5/19/2022 8:27,10.455
17,5/19/2022 9:27,10.357
18,5/19/2022 10:27,10.259
19,5/19/2022 11:27,10.063
20,5/19/2022 12:27,10.063
21,5/19/2022 13:27,10.063
22,5/19/2022 14:27,10.063
23,5/19/2022 15:27,10.063
24,5/19/2022 16:27,10.063
25,5/19/2022 17:27,10.161
26,5/19/2022 18:27,10.063
27,5/19/2022 19:27,10.553
28,5/19/2022 20:27,10.357
29,5/19/2022 21:27,10.259
30,5/19/2022 22:27,10.259
31,5/19/2022 23:27,10.063
32,5/20/2022 0:27,10.161
33,5/20/2022 1:27,10.161
34,5/20/2022 2:27,10.259
35,5/20/2022 3:27,10.259
36,5/20/2022 4:27,10.259
37,5/20/2022 5:27,10.161
38,5/20/2022 6:27,10.063
39,5/20/2022 7:27,10.063
40,5/20/2022 8:27,10.161
41,5/20/2022 9:27,10.259
42,5/20/2022 10:27,10.259
43,5/20/2022 11:27,10.063
44,5/20/2022 12:27,9.472
45,5/20/2022 13:27,9.472
46,5/20/2022 14:27,9.866
47,5/20/2022 15:27,9.669
48,5/20/2022 16:27,9.768
49,5/20/2022 17:27,10.063
50,5/20/2022 18:27,9.669
51,5/20/2022 19:27,9.176
52,5/20/2022 20:27,8.978
53,5/20/2022 21:27,9.077
54,5/20/2022 22:27,9.077
55,5/20/2022 23:27,8.581
56,5/21/2022 0:27,8.382
57,5/21/2022 1:27,8.382
58,5/21/2022 2:27,8.879
59,5/21/2022 3:27,9.176
60,5/21/2022 4:27,9.275
61,5/21/2022 5:27,9.373
62,5/21/2022 6:27,9.077
63,5/21/2022 7:27,9.176
64,5/21/2022 8:27,9.275
65,5/21/2022 9:27,9.176
66,5/21/2022 10:27,9.373
67,5/21/2022 11:27,9.669
68,5/21/2022 12:27,10.259
69,5/21/2022 13:27,9.571
70,5/21/2022 14:27,9.472
71,5/21/2022 15:27,9.077
72,5/21/2022 16:27,8.481
73,5/21/2022 17:27,9.571
74,5/21/2022 18:27,9.965
75,5/21/2022 19:27,10.161
76,5/21/2022 20:27,10.259
77,5/21/2022 21:27,10.357
78,5/21/2022 22:27,10.259
79,5/21/2022 23:27,9.866
80,5/22/2022 0:27,9.472
81,5/22/2022 1:27,8.779
82,5/22/2022 2:27,9.077
83,5/22/2022 3:27,8.879
84,5/22/2022 4:27,9.176
85,5/22/2022 5:27,9.472
86,5/22/2022 6:27,9.571
87,5/22/2022 7:27,9.669
88,5/22/2022 8:27,9.571
89,5/22/2022 9:27,9.275
90,5/22/2022 10:27,9.275
91,5/22/2022 11:27,9.275
92,5/22/2022 12:27,9.176
93,5/22/2022 13:27,9.275
94,5/22/2022 14:27,9.373
95,5/22/2022 15:27,9.472
96,5/22/2022 16:27,9.571
97,5/22/2022 17:27,9.768
98,5/22/2022 18:27,9.669
99,5/22/2022 19:27,9.669
100,5/22/2022 20:27,9.866
101,5/22/2022 21:27,9.866
102,5/22/2022 22:27,10.259
103,5/22/2022 23:27,10.651
104,5/23/2022 0:27,10.063
105,5/23/2022 1:27,9.866
106,5/23/2022 2:27,9.866
107,5/23/2022 3:27,9.768
108,5/23/2022 4:27,9.768
109,5/23/2022 5:27,9.768
110,5/23/2022 6:27,9.866
111,5/23/2022 7:27,9.866
112,5/23/2022 8:27,9.866
113,5/23/2022 9:27,9.965
114,5/23/2022 10:27,9.965
115,5/23/2022 11:27,10.063
116,5/23/2022 12:27,10.259
117,5/23/2022 13:27,10.161
118,5/23/2022 14:27,10.063
119,5/23/2022 15:27,10.063
120,5/23/2022 16:27,10.161
121,5/23/2022 17:27,10.161
122,5/23/2022 18:27,10.259
123,5/23/2022 19:27,10.259
124,5/23/2022 20:27,10.357
125,5/23/2022 21:27,10.455
126,5/23/2022 22:27,10.553
127,5/23/2022 23:27,10.553
128,5/24/2022 0:27,10.553
129,5/24/2022 1:27,10.553
130,5/24/2022 2:27,10.455
131,5/24/2022 3:27,10.455
132,5/24/2022 4:27,10.455
133,5/24/2022 5:27,10.455
134,5/24/2022 6:27,10.651
135,5/24/2022 7:27,10.651
136,5/24/2022 8:27,10.553
137,5/24/2022 9:27,10.651
138,5/24/2022 10:27,10.651
139,5/24/2022 11:27,10.748
140,5/24/2022 12:27,10.846
141,5/24/2022 13:27,11.041
142,5/24/2022 14:27,10.944
143,5/24/2022 15:27,10.651
144,5/24/2022 16:27,10.553
145,5/24/2022 17:27,10.748
146,5/24/2022 18:27,10.846
147,5/24/2022 19:27,10.846
148,5/24/2022 20:27,10.846
149,5/24/2022 21:27,10.846
150,5/24/2022 22:27,10.748
151,5/24/2022 23:27,10.748
152,5/25/2022 0:27,10.748
153,5/25/2022 1:27,10.748
154,5/25/2022 2:27,10.553
155,5/25/2022 3:27,10.846
156,5/25/2022 4:27,11.041
157,5/25/2022 5:27,11.334
158,5/25/2022 6:27,11.431
159,5/25/2022 7:27,11.334
160,5/25/2022 8:27,11.431
161,5/25/2022 9:27,11.625
162,5/25/2022 10:27,11.528
163,5/25/2022 11:27,11.236
164,5/25/2022 12:27,11.041
165,5/25/2022 13:27,10.846
166,5/25/2022 14:27,10.553
167,5/25/2022 15:27,10.455
168,5/25/2022 16:27,10.455
169,5/25/2022 17:27,10.553
170,5/25/2022 18:27,10.651
171,5/25/2022 19:27,10.748
172,5/25/2022 20:27,10.846
173,5/25/2022 21:27,11.431
174,5/25/2022 22:27,11.528
175,5/25/2022 23:27,11.722
176,5/26/2022 0:27,11.528
177,5/26/2022 1:27,11.139
178,5/26/2022 2:27,11.139
179,5/26/2022 3:27,11.041
180,5/26/2022 4:27,10.553
181,5/26/2022 5:27,10.455
182,5/26/2022 6:27,11.139
183,5/26/2022 7:27,11.236
184,5/26/2022 8:27,11.431
185,5/26/2022 9:27,11.431
186,5/26/2022 10:27,11.431
187,5/26/2022 11:27,11.041
188,5/26/2022 12:27,11.139
189,5/26/2022 13:27,11.139
190,5/26/2022 14:27,11.236
191,5/26/2022 15:27,11.236
192,5/26/2022 16:27,11.139
193,5/26/2022 17:27,11.334
194,5/26/2022 18:27,11.041
195,5/26/2022 19:27,10.455
196,5/26/2022 20:27,10.455
197,5/26/2022 21:27,10.357
198,5/26/2022 22:27,10.846
199,5/26/2022 23:27,11.041
200,5/27/2022 0:27,11.041
201,5/27/2022 1:27,10.553
202,5/27/2022 2:27,10.846
203,5/27/2022 3:27,11.236
204,5/27/2022 4:27,11.431
205,5/27/2022 5:27,11.139
206,5/27/2022 6:27,11.041
207,5/27/2022 7:27,11.625
208,5/27/2022 8:27,11.431
209,5/27/2022 9:27,11.528
210,5/27/2022 10:27,12.497
211,5/27/2022 11:27,12.497
212,5/27/2022 12:27,11.722
213,5/27/2022 13:27,10.944
214,5/27/2022 14:27,10.944
215,5/27/2022 15:27,10.651
216,5/27/2022 16:27,10.846
217,5/27/2022 17:27,11.334
218,5/27/2022 18:27,11.139
219,5/27/2022 19:27,11.041
220,5/27/2022 20:27,11.236
221,5/27/2022 21:27,11.528
222,5/27/2022 22:27,12.594
223,5/27/2022 23:27,12.497
224,5/28/2022 0:27,12.787
225,5/28/2022 1:27,12.11
226,5/28/2022 2:27,11.041
227,5/28/2022 3:27,10.553
228,5/28/2022 4:27,10.944
229,5/28/2022 5:27,11.625
230,5/28/2022 6:27,12.497
231,5/28/2022 7:27,12.013
232,5/28/2022 8:27,12.11
233,5/28/2022 9:27,12.013
234,5/28/2022 10:27,12.013
235,5/28/2022 11:27,12.11
236,5/28/2022 12:27,12.013
237,5/28/2022 13:27,11.916
238,5/28/2022 14:27,11.916
239,5/28/2022 15:27,11.916
240,5/28/2022 16:27,12.207
241,5/28/2022 17:27,12.497
242,5/28/2022 18:27,11.819
243,5/28/2022 19:27,11.041
244,5/28/2022 20:27,9.965
245,5/28/2022 21:27,9.965
246,5/28/2022 22:27,9.571
247,5/28/2022 23:27,9.669
248,5/29/2022 0:27,9.768
249,5/29/2022 1:27,11.139
250,5/29/2022 2:27,11.722
251,5/29/2022 3:27,11.722
252,5/29/2022 4:27,11.431
253,5/29/2022 5:27,11.431
254,5/29/2022 6:27,11.528
255,5/29/2022 7:27,11.625
256,5/29/2022 8:27,10.846
257,5/29/2022 9:27,11.041
258,5/29/2022 10:27,11.334
259,5/29/2022 11:27,11.722
260,5/29/2022 12:27,11.431
261,5/29/2022 13:27,11.139
262,5/29/2022 14:27,10.651
263,5/29/2022 15:27,10.553
264,5/29/2022 16:27,10.846
265,5/29/2022 17:27,10.455
266,5/29/2022 18:27,10.259
267,5/29/2022 19:27,10.063
268,5/29/2022 20:27,9.965
269,5/29/2022 21:27,9.669
270,5/29/2022 22:27,9.669
271,5/29/2022 23:27,9.768
272,5/30/2022 0:27,10.063
273,5/30/2022 1:27,10.651
274,5/30/2022 2:27,10.651
275,5/30/2022 3:27,9.965
276,5/30/2022 4:27,9.768
277,5/30/2022 5:27,9.768
278,5/30/2022 6:27,9.669
279,5/30/2022 7:27,9.669
280,5/30/2022 8:27,9.768
281,5/30/2022 9:27,9.571
282,5/30/2022 10:27,9.275
283,5/30/2022 11:27,9.077
284,5/30/2022 12:27,9.275
285,5/30/2022 13:27,9.373
286,5/30/2022 14:27,9.571
287,5/30/2022 15:27,9.669
288,5/30/2022 16:27,9.571
289,5/30/2022 17:27,9.866
290,5/30/2022 18:27,10.455
291,5/30/2022 19:27,9.768
292,5/30/2022 20:27,9.571
293,5/30/2022 21:27,9.472
294,5/30/2022 22:27,9.077
295,5/30/2022 23:27,8.879
296,5/31/2022 0:27,8.879
297,5/31/2022 1:27,8.68
298,5/31/2022 2:27,8.68
299,5/31/2022 3:27,8.68
300,5/31/2022 4:27,8.879
301,5/31/2022 5:27,9.077
302,5/31/2022 6:27,9.669
303,5/31/2022 7:27,10.651
304,5/31/2022 8:27,10.455
305,5/31/2022 9:27,9.866
306,5/31/2022 10:27,9.275
307,5/31/2022 11:27,9.077
308,5/31/2022 12:27,9.275
309,5/31/2022 13:27,9.571
310,5/31/2022 14:27,9.669
311,5/31/2022 15:27,9.768
312,5/31/2022 16:27,9.866
313,5/31/2022 17:27,9.768
314,5/31/2022 18:27,9.866
315,5/31/2022 19:27,10.161
316,5/31/2022 20:27,9.669
317,5/31/2022 21:27,9.176
318,5/31/2022 22:27,9.176
319,5/31/2022 23:27,9.275
320,6/1/2022 0:27,9.866
321,6/1/2022 1:27,10.161
322,6/1/2022 2:27,10.357
323,6/1/2022 3:27,10.748
324,6/1/2022 4:27,10.846
325,6/1/2022 5:27,10.651
326,6/1/2022 6:27,10.455
327,6/1/2022 7:27,10.553
328,6/1/2022 8:27,10.161
329,6/1/2022 9:27,10.161
330,6/1/2022 10:27,9.571
331,6/1/2022 11:27,9.866
332,6/1/2022 12:27,9.965
333,6/1/2022 13:27,10.063
334,6/1/2022 14:27,10.063
335,6/1/2022 15:27,10.259
336,6/1/2022 16:27,10.455
337,6/1/2022 17:27,10.259
338,6/1/2022 18:27,10.063
339,6/1/2022 19:27,9.866
340,6/1/2022 20:27,9.866
341,6/1/2022 21:27,9.866
342,6/1/2022 22:27,10.063
343,6/1/2022 23:27,10.259
344,6/2/2022 0:27,10.651
345,6/2/2022 1:27,10.357
346,6/2/2022 2:27,10.748
347,6/2/2022 3:27,10.846
348,6/2/2022 4:27,11.334
349,6/2/2022 5:27,11.334
350,6/2/2022 6:27,11.528
351,6/2/2022 7:27,11.625
352,6/2/2022 8:27,11.722
353,6/2/2022 9:27,11.819
354,6/2/2022 10:27,11.431
355,6/2/2022 11:27,11.041
356,6/2/2022 12:27,10.846
357,6/2/2022 13:27,10.748
358,6/2/2022 14:27,10.846
359,6/2/2022 15:27,11.041
360,6/2/2022 16:27,10.944
361,6/2/2022 17:27,11.139
362,6/2/2022 18:27,11.139
363,6/2/2022 19:27,11.431
364,6/2/2022 20:27,11.722
365,6/2/2022 21:27,11.431
366,6/2/2022 22:27,11.236
367,6/2/2022 23:27,11.236
368,6/3/2022 0:27,11.625
369,6/3/2022 1:27,11.236
370,6/3/2022 2:27,11.139
371,6/3/2022 3:27,11.139
372,6/3/2022 4:27,10.748
373,6/3/2022 5:27,11.431
374,6/3/2022 6:27,11.528
375,6/3/2022 7:27,12.207
376,6/3/2022 8:27,12.304
377,6/3/2022 9:27,12.594
378,6/3/2022 10:27,12.594
379,6/3/2022 11:27,12.594
380,6/3/2022 12:27,12.207
381,6/3/2022 13:27,11.334
382,6/3/2022 14:27,10.944
383,6/3/2022 15:27,10.651
384,6/3/2022 16:27,10.651
385,6/3/2022 17:27,11.139
386,6/3/2022 18:27,11.722
387,6/3/2022 19:27,11.722
388,6/3/2022 20:27,11.722
389,6/3/2022 21:27,12.207
390,6/3/2022 22:27,12.401
391,6/3/2022 23:27,12.401
392,6/4/2022 0:27,13.076
393,6/4/2022 1:27,12.883
394,6/4/2022 2:27,12.497
395,6/4/2022 3:27,12.594
396,6/4/2022 4:27,12.787
397,6/4/2022 5:27,12.497
398,6/4/2022 6:27,12.787
399,6/4/2022 7:27,12.883
400,6/4/2022 8:27,12.883
401,6/4/2022 9:27,13.942
402,6/4/2022 10:27,13.269
403,6/4/2022 11:27,12.883
404,6/4/2022 12:27,12.98
405,6/4/2022 13:27,12.883
406,6/4/2022 14:27,12.69
407,6/4/2022 15:27,12.401
408,6/4/2022 16:27,12.69
409,6/4/2022 17:27,12.787
410,6/4/2022 18:27,12.69
411,6/4/2022 19:27,12.69
412,6/4/2022 20:27,12.594
413,6/4/2022 21:27,12.594
414,6/4/2022 22:27,13.461
415,6/4/2022 23:27,13.654
416,6/5/2022 0:27,13.173
417,6/5/2022 1:27,13.076
418,6/5/2022 2:27,13.269
419,6/5/2022 3:27,13.365
420,6/5/2022 4:27,13.461
421,6/5/2022 5:27,13.558
422,6/5/2022 6:27,13.654
423,6/5/2022 7:27,13.558
424,6/5/2022 8:27,13.654
425,6/5/2022 9:27,13.75
426,6/5/2022 10:27,13.846
427,6/5/2022 11:27,13.846
428,6/5/2022 12:27,13.942
429,6/5/2022 13:27,13.942
430,6/5/2022 14:27,13.846
431,6/5/2022 15:27,13.942
432,6/5/2022 16:27,13.942
433,6/5/2022 17:27,13.846
434,6/5/2022 18:27,13.75
435,6/5/2022 19:27,12.883
436,6/5/2022 20:27,13.173
437,6/5/2022 21:27,12.883
438,6/5/2022 22:27,12.883
439,6/5/2022 23:27,13.076
440,6/6/2022 0:27,12.787
441,6/6/2022 1:27,12.401
442,6/6/2022 2:27,12.207
443,6/6/2022 3:27,12.11
444,6/6/2022 4:27,13.269
445,6/6/2022 5:27,12.883
446,6/6/2022 6:27,12.98
447,6/6/2022 7:27,12.883
448,6/6/2022 8:27,13.461
449,6/6/2022 9:27,13.654
450,6/6/2022 10:27,13.558
451,6/6/2022 11:27,13.076
452,6/6/2022 12:27,12.207
453,6/6/2022 13:27,12.207
454,6/6/2022 14:27,12.304
455,6/6/2022 15:27,12.401
456,6/6/2022 16:27,12.98
457,6/6/2022 17:27,14.038
458,6/6/2022 18:27,14.23
459,6/6/2022 19:27,14.038
460,6/6/2022 20:27,14.134
461,6/6/2022 21:27,14.038
462,6/6/2022 22:27,13.654
463,6/6/2022 23:27,13.365
464,6/7/2022 0:27,13.365
465,6/7/2022 1:27,13.269
466,6/7/2022 2:27,13.173
467,6/7/2022 3:27,12.304
468,6/7/2022 4:27,12.401
469,6/7/2022 5:27,11.916
470,6/7/2022 6:27,11.819
471,6/7/2022 7:27,11.334
472,6/7/2022 8:27,11.139
473,6/7/2022 9:27,11.334
474,6/7/2022 10:27,11.334
475,6/7/2022 11:27,11.334
476,6/7/2022 12:27,12.11
477,6/7/2022 13:27,12.401
478,6/7/2022 14:27,11.722
479,6/7/2022 15:27,11.528
480,6/7/2022 16:27,11.236
481,6/7/2022 17:27,11.528
482,6/7/2022 18:27,12.883
483,6/7/2022 19:27,12.98
484,6/7/2022 20:27,12.69
485,6/7/2022 21:27,12.594
486,6/7/2022 22:27,12.69
487,6/7/2022 23:27,12.98
488,6/8/2022 0:27,13.173
489,6/8/2022 1:27,13.461
490,6/8/2022 2:27,13.654
491,6/8/2022 3:27,13.558
492,6/8/2022 4:27,12.883
493,6/8/2022 5:27,13.365
494,6/8/2022 6:27,13.75
495,6/8/2022 7:27,12.98
496,6/8/2022 8:27,13.076
497,6/8/2022 9:27,12.883
498,6/8/2022 10:27,12.883
499,6/8/2022 11:27,12.787
500,6/8/2022 12:27,12.98
501,6/8/2022 13:27,13.558
502,6/8/2022 14:27,13.558
503,6/8/2022 15:27,13.654
504,6/8/2022 16:27,14.038
505,6/8/2022 17:27,13.846
506,6/8/2022 18:27,13.846
507,6/8/2022 19:27,13.654
508,6/8/2022 20:27,13.461
509,6/8/2022 21:27,13.076
510,6/8/2022 22:27,12.787
511,6/8/2022 23:27,12.11
512,6/9/2022 0:27,11.722
513,6/9/2022 1:27,11.625
514,6/9/2022 2:27,11.722
515,6/9/2022 3:27,11.528
516,6/9/2022 4:27,12.11
517,6/9/2022 5:27,12.401
518,6/9/2022 6:27,12.69
519,6/9/2022 7:27,12.594
520,6/9/2022 9:00,12.883
521,6/9/2022 10:00,12.883
522,6/9/2022 11:00,13.076
523,6/9/2022 12:00,13.365
524,6/9/2022 13:00,13.75
525,6/9/2022 14:00,13.654
526,6/9/2022 15:00,13.558
527,6/9/2022 16:00,13.269
528,6/9/2022 17:00,11.916
529,6/9/2022 18:00,11.916
530,6/9/2022 19:00,12.207
531,6/9/2022 20:00,12.883
532,6/9/2022 21:00,13.076
533,6/9/2022 22:00,12.98
534,6/9/2022 23:00,12.883
535,6/10/2022 0:00,13.173
536,6/10/2022 1:00,13.269
537,6/10/2022 2:00,13.558
538,6/10/2022 3:00,13.75
539,6/10/2022 4:00,13.846
540,6/10/2022 5:00,13.942
541,6/10/2022 6:00,13.846
542,6/10/2022 7:00,13.942
543,6/10/2022 8:00,13.75
544,6/10/2022 9:00,12.594
545,6/10/2022 10:00,12.98
546,6/10/2022 11:00,12.69
547,6/10/2022 12:00,13.173
548,6/10/2022 13:00,13.076
549,6/10/2022 14:00,13.558
550,6/10/2022 15:00,13.076
551,6/10/2022 16:00,12.98
552,6/10/2022 17:00,13.076
553,6/10/2022 18:00,13.173
554,6/10/2022 19:00,13.173
555,6/10/2022 20:00,13.269
556,6/10/2022 21:00,13.076
557,6/10/2022 22:00,13.269
558,6/10/2022 23:00,13.365
559,6/11/2022 0:00,13.461
560,6/11/2022 1:00,13.365
561,6/11/2022 2:00,13.365
562,6/11/2022 3:00,13.173
563,6/11/2022 4:00,12.497
564,6/11/2022 5:00,12.497
565,6/11/2022 6:00,12.98
566,6/11/2022 7:00,13.076
567,6/11/2022 8:00,13.269
568,6/11/2022 9:00,13.269
569,6/11/2022 10:00,13.461
570,6/11/2022 11:00,13.461
571,6/11/2022 12:00,13.558
572,6/11/2022 13:00,13.654
573,6/11/2022 14:00,13.75
574,6/11/2022 15:00,13.75
575,6/11/2022 16:00,13.75
576,6/11/2022 17:00,13.75
577,6/11/2022 18:00,13.942
578,6/11/2022 19:00,14.23
579,6/11/2022 20:00,13.942
580,6/11/2022 21:00,13.558
581,6/11/2022 22:00,13.365
582,6/11/2022 23:00,13.365
583,6/12/2022 0:00,13.365
584,6/12/2022 1:00,13.558
585,6/12/2022 2:00,13.558
586,6/12/2022 3:00,13.75
587,6/12/2022 4:00,14.709
588,6/12/2022 5:00,14.134
589,6/12/2022 6:00,14.038
590,6/12/2022 7:00,13.942
591,6/12/2022 8:00,14.325
592,6/12/2022 9:00,14.804
593,6/12/2022 10:00,15.187
594,6/12/2022 11:00,15.76
595,6/12/2022 12:00,15.664
596,6/12/2022 13:00,15.855
597,6/12/2022 14:00,15.664
598,6/12/2022 15:00,16.237
599,6/12/2022 16:00,16.046
600,6/12/2022 17:00,15.187
601,6/12/2022 18:00,12.207
602,6/12/2022 19:00,12.11
603,6/12/2022 20:00,14.421
604,6/12/2022 21:00,12.69
605,6/12/2022 22:00,13.461
606,6/12/2022 23:00,14.23
607,6/13/2022 0:00,14.134
608,6/13/2022 1:00,15.282
609,6/13/2022 2:00,13.942
610,6/13/2022 3:00,13.846
611,6/13/2022 4:00,14.613
612,6/13/2022 5:00,14.038
613,6/13/2022 6:00,14.325
614,6/13/2022 7:00,14.9
615,6/13/2022 8:00,15.282
616,6/13/2022 9:00,16.427
617,6/13/2022 10:00,15.951
618,6/13/2022 11:00,14.804
619,6/13/2022 12:00,14.517
620,6/13/2022 13:00,14.517
621,6/13/2022 14:00,14.23
622,6/13/2022 15:00,14.421
623,6/13/2022 16:00,13.365
624,6/13/2022 17:00,12.883
625,6/13/2022 18:00,12.69
626,6/13/2022 19:00,12.013
627,6/13/2022 20:00,10.944
628,6/13/2022 21:00,11.041
629,6/13/2022 22:00,11.528
630,6/13/2022 23:00,10.748
631,6/14/2022 0:00,10.259
632,6/14/2022 1:00,9.472
633,6/14/2022 2:00,9.768
634,6/14/2022 3:00,9.571
635,6/14/2022 4:00,9.669
636,6/14/2022 5:00,9.768
637,6/14/2022 6:00,9.571
638,6/14/2022 7:00,9.768
639,6/14/2022 8:00,9.965
640,6/14/2022 9:00,9.768
641,6/14/2022 10:00,10.651
642,6/14/2022 11:00,10.553
643,6/14/2022 12:00,10.553
644,6/14/2022 13:00,11.139
645,6/14/2022 14:00,11.722
646,6/14/2022 15:00,11.431
647,6/14/2022 16:00,11.139
648,6/14/2022 17:00,10.748
649,6/14/2022 18:00,10.553
650,6/14/2022 19:00,10.455
651,6/14/2022 20:00,12.013
652,6/14/2022 21:00,11.528
653,6/14/2022 22:00,14.038
654,6/14/2022 23:00,12.594
655,6/15/2022 0:00,12.11
656,6/15/2022 1:00,12.304
657,6/15/2022 2:00,12.497
658,6/15/2022 3:00,12.787
659,6/15/2022 4:00,13.173
660,6/15/2022 5:00,11.431
661,6/15/2022 6:00,11.722
662,6/15/2022 7:00,13.173
663,6/15/2022 8:00,12.787
664,6/15/2022 9:00,12.497
665,6/15/2022 10:00,12.401
666,6/15/2022 11:00,12.787
667,6/15/2022 12:00,13.269
668,6/15/2022 13:00,13.269
669,6/15/2022 14:00,13.461
670,6/15/2022 15:00,12.98
671,6/15/2022 16:00,13.173
672,6/15/2022 17:00,12.594
673,6/15/2022 18:00,12.787
674,6/15/2022 19:00,12.401
675,6/15/2022 20:00,12.594
676,6/15/2022 21:00,13.076
677,6/15/2022 22:00,13.076
678,6/15/2022 23:00,13.365
679,6/16/2022 0:00,13.461
680,6/16/2022 1:00,13.654
681,6/16/2022 2:00,13.654
682,6/16/2022 3:00,13.461
683,6/16/2022 4:00,13.558
684,6/16/2022 5:00,13.654
685,6/16/2022 6:00,13.75
686,6/16/2022 7:00,13.75
687,6/16/2022 8:00,13.365
688,6/16/2022 9:00,13.173
689,6/16/2022 10:00,13.461
690,6/16/2022 11:00,13.461
691,6/16/2022 12:00,14.134
692,6/16/2022 13:00,13.654
693,6/16/2022 14:00,13.654
694,6/16/2022 15:00,13.654
695,6/16/2022 16:00,13.846
696,6/16/2022 17:00,13.173
697,6/16/2022 18:00,12.98
698,6/16/2022 19:00,12.787
699,6/16/2022 20:00,12.98
700,6/16/2022 21:00,12.69
701,6/16/2022 22:00,12.401
702,6/16/2022 23:00,12.207
703,6/17/2022 0:00,12.401
704,6/17/2022 1:00,11.819
705,6/17/2022 2:00,11.916
706,6/17/2022 3:00,12.401
707,6/17/2022 4:00,13.365
708,6/17/2022 5:00,14.038
709,6/17/2022 6:00,15.091
710,6/17/2022 7:00,13.846
711,6/17/2022 8:00,13.654
712,6/17/2022 9:00,13.461
713,6/17/2022 10:00,13.076
714,6/17/2022 11:00,12.787
715,6/17/2022 12:00,13.365
716,6/17/2022 13:00,13.846
717,6/17/2022 14:00,14.038
718,6/17/2022 15:00,14.23
719,6/17/2022 16:00,14.23
720,6/17/2022 17:00,14.134
721,6/17/2022 18:00,14.134
722,6/17/2022 19:00,13.846
723,6/17/2022 20:00,13.269
724,6/17/2022 21:00,13.173
725,6/17/2022 22:00,13.173
726,6/17/2022 23:00,13.173
727,6/18/2022 0:00,13.173
728,6/18/2022 1:00,12.69
729,6/18/2022 2:00,11.916
730,6/18/2022 3:00,11.722
731,6/18/2022 4:00,11.431
732,6/18/2022 5:00,12.11
733,6/18/2022 6:00,13.365
734,6/18/2022 7:00,12.69
735,6/18/2022 8:00,13.365
736,6/18/2022 9:00,12.787
737,6/18/2022 10:00,13.461
738,6/18/2022 11:00,14.23
739,6/18/2022 12:00,14.613
740,6/18/2022 13:00,14.804
741,6/18/2022 14:00,14.517
742,6/18/2022 15:00,13.846
743,6/18/2022 16:00,13.269
744,6/18/2022 17:00,13.365
745,6/18/2022 18:00,13.461
746,6/18/2022 19:00,13.558
747,6/18/2022 20:00,13.654
748,6/18/2022 21:00,14.325
749,6/18/2022 22:00,13.654
750,6/18/2022 23:00,12.69
751,6/19/2022 0:00,12.304
752,6/19/2022 1:00,12.013
753,6/19/2022 2:00,12.883
754,6/19/2022 3:00,12.207
755,6/19/2022 4:00,12.594
756,6/19/2022 5:00,12.69
757,6/19/2022 6:00,13.654
758,6/19/2022 7:00,12.787
759,6/19/2022 8:00,12.883
760,6/19/2022 9:00,13.076
761,6/19/2022 10:00,13.269
762,6/19/2022 11:00,13.269
763,6/19/2022 12:00,13.558
764,6/19/2022 13:00,13.173
765,6/19/2022 14:00,13.173
766,6/19/2022 15:00,13.461
767,6/19/2022 16:00,13.654
768,6/19/2022 17:00,13.076
769,6/19/2022 18:00,12.98
770,6/19/2022 19:00,13.173
771,6/19/2022 20:00,12.883
772,6/19/2022 21:00,12.883
773,6/19/2022 22:00,12.401
774,6/19/2022 23:00,12.11
775,6/20/2022 0:00,12.304
776,6/20/2022 1:00,12.11
777,6/20/2022 2:00,12.594
778,6/20/2022 3:00,12.11
779,6/20/2022 4:00,12.11
780,6/20/2022 5:00,12.207
781,6/20/2022 6:00,12.11
782,6/20/2022 7:00,12.11
783,6/20/2022 8:00,11.916
784,6/20/2022 9:00,11.722
785,6/20/2022 10:00,12.11
786,6/20/2022 11:00,12.304
787,6/20/2022 12:00,12.401
788,6/20/2022 13:00,11.916
789,6/20/2022 14:00,11.722
790,6/20/2022 15:00,11.625
791,6/20/2022 16:00,11.916
792,6/20/2022 17:00,12.11
793,6/20/2022 18:00,12.207
794,6/20/2022 19:00,12.69
795,6/20/2022 20:00,13.076
796,6/20/2022 21:00,13.269
797,6/20/2022 22:00,13.365
798,6/20/2022 23:00,12.98
799,6/21/2022 0:00,12.883
800,6/21/2022 1:00,13.173
801,6/21/2022 2:00,12.787
802,6/21/2022 3:00,12.594
803,6/21/2022 4:00,13.365
804,6/21/2022 5:00,12.883
805,6/21/2022 6:00,13.75
806,6/21/2022 7:00,13.846
807,6/21/2022 8:00,13.365
808,6/21/2022 9:00,13.173
809,6/21/2022 10:00,12.594
810,6/21/2022 11:00,12.69
811,6/21/2022 12:00,12.69
812,6/21/2022 13:00,12.883
813,6/21/2022 14:00,12.69
814,6/21/2022 15:00,12.594
815,6/21/2022 16:00,12.787
816,6/21/2022 17:00,13.076
817,6/21/2022 18:00,13.269
818,6/21/2022 19:00,13.365
819,6/21/2022 20:00,13.269
820,6/21/2022 21:00,13.076
821,6/21/2022 22:00,13.173
822,6/21/2022 23:00,13.173
823,6/22/2022 0:00,13.173
824,6/22/2022 1:00,13.076
825,6/22/2022 2:00,12.98
826,6/22/2022 3:00,12.883
827,6/22/2022 4:00,12.98
828,6/22/2022 5:00,12.883
829,6/22/2022 6:00,12.787
830,6/22/2022 7:00,12.883
831,6/22/2022 8:00,12.98
832,6/22/2022 9:00,13.076
833,6/22/2022 10:00,12.883
834,6/22/2022 11:00,12.883
835,6/22/2022 12:00,12.883
836,6/22/2022 13:00,12.787
837,6/22/2022 14:00,12.883
838,6/22/2022 15:00,12.98
839,6/22/2022 16:00,13.173
840,6/22/2022 17:00,13.173
841,6/22/2022 18:00,12.98
842,6/22/2022 19:00,13.173
843,6/22/2022 20:00,12.883
844,6/22/2022 21:00,12.787
845,6/22/2022 22:00,12.883
846,6/22/2022 23:00,13.558
847,6/23/2022 0:00,13.558
848,6/23/2022 1:00,13.942
849,6/23/2022 2:00,14.038
850,6/23/2022 3:00,13.942
851,6/23/2022 4:00,13.846
852,6/23/2022 5:00,13.269
853,6/23/2022 6:00,13.173
854,6/23/2022 7:00,12.98
855,6/23/2022 8:00,13.076
856,6/23/2022 9:00,13.461
857,6/23/2022 10:00,13.558
858,6/23/2022 11:00,13.654
859,6/23/2022 12:00,13.558
860,6/23/2022 13:00,13.654
861,6/23/2022 14:00,13.654
862,6/23/2022 15:00,13.461
863,6/23/2022 16:00,13.269
864,6/23/2022 17:00,13.076
865,6/23/2022 18:00,13.173
866,6/23/2022 19:00,13.365
867,6/23/2022 20:00,13.461
868,6/23/2022 21:00,13.75
869,6/23/2022 22:00,13.654
870,6/23/2022 23:00,13.173
871,6/24/2022 0:00,13.558
872,6/24/2022 1:00,13.846
873,6/24/2022 2:00,14.325
874,6/24/2022 3:00,14.23
875,6/24/2022 4:00,14.421
876,6/24/2022 5:00,14.134
877,6/24/2022 6:00,13.942
878,6/24/2022 7:00,14.421
879,6/24/2022 8:00,13.365
880,6/24/2022 9:00,13.269
881,6/24/2022 10:00,13.173
882,6/24/2022 11:00,13.558
883,6/24/2022 12:00,13.75
884,6/24/2022 13:00,14.325
885,6/24/2022 14:00,14.613
886,6/24/2022 15:00,14.9
887,6/24/2022 16:00,14.325
888,6/24/2022 17:00,14.23
889,6/24/2022 18:00,14.134
890,6/24/2022 19:00,14.134
891,6/24/2022 20:00,14.325
892,6/24/2022 21:00,14.517
893,6/24/2022 22:00,14.613
894,6/24/2022 23:00,14.517
895,6/25/2022 0:00,14.23
896,6/25/2022 1:00,13.269
897,6/25/2022 2:00,14.134
898,6/25/2022 3:00,14.134
899,6/25/2022 4:00,13.846
900,6/25/2022 5:00,14.038
901,6/25/2022 6:00,13.942
902,6/25/2022 7:00,13.654
903,6/25/2022 8:00,13.75
904,6/25/2022 9:00,13.558
905,6/25/2022 10:00,13.654
906,6/25/2022 11:00,13.654
907,6/25/2022 12:00,13.558
908,6/25/2022 13:00,13.558
909,6/25/2022 14:00,13.558
910,6/25/2022 15:00,13.75
911,6/25/2022 16:00,13.558
912,6/25/2022 17:00,13.654
913,6/25/2022 18:00,13.558
914,6/25/2022 19:00,13.654
915,6/25/2022 20:00,13.654
916,6/25/2022 21:00,13.846
917,6/25/2022 22:00,14.038
918,6/25/2022 23:00,13.365
919,6/26/2022 0:00,12.69
920,6/26/2022 1:00,12.594
921,6/26/2022 2:00,12.401
922,6/26/2022 3:00,12.304
923,6/26/2022 4:00,12.497
924,6/26/2022 5:00,13.365
925,6/26/2022 6:00,13.558
926,6/26/2022 7:00,13.654
927,6/26/2022 8:00,14.038
928,6/26/2022 9:00,14.23
929,6/26/2022 10:00,13.846
930,6/26/2022 11:00,13.846
931,6/26/2022 12:00,13.269
932,6/26/2022 13:00,13.076
933,6/26/2022 14:00,12.98
934,6/26/2022 15:00,13.076
935,6/26/2022 16:00,13.269
936,6/26/2022 17:00,13.558
937,6/26/2022 18:00,14.23
938,6/26/2022 19:00,14.23
939,6/26/2022 20:00,14.325
940,6/26/2022 21:00,14.517
941,6/26/2022 22:00,14.325
942,6/26/2022 23:00,14.517
943,6/27/2022 0:00,14.325
944,6/27/2022 1:00,13.846
945,6/27/2022 2:00,13.942
946,6/27/2022 3:00,14.325
947,6/27/2022 4:00,14.517
948,6/27/2022 5:00,15.282
949,6/27/2022 6:00,15.187
950,6/27/2022 7:00,15.664
951,6/27/2022 8:00,15.76
952,6/27/2022 9:00,15.76
953,6/27/2022 10:00,15.664
954,6/27/2022 11:00,15.473
955,6/27/2022 12:00,14.996
956,6/27/2022 13:00,15.76
957,6/27/2022 14:00,15.76
958,6/27/2022 15:00,15.091
959,6/27/2022 16:00,14.996
960,6/27/2022 17:00,14.996
961,6/27/2022 18:00,15.091
962,6/27/2022 19:00,15.282
963,6/27/2022 20:00,15.76
964,6/27/2022 21:00,15.76
965,6/27/2022 22:00,15.76
966,6/27/2022 23:00,15.569
967,6/28/2022 0:00,15.282
968,6/28/2022 1:00,15.282
969,6/28/2022 2:00,15.282
970,6/28/2022 3:00,15.282
971,6/28/2022 4:00,15.091
972,6/28/2022 5:00,14.804
973,6/28/2022 6:00,14.709
974,6/28/2022 7:00,14.996
975,6/28/2022 8:00,15.091
976,6/28/2022 9:00,15.473
977,6/28/2022 10:00,15.569
978,6/28/2022 11:00,15.855
979,6/28/2022 12:00,15.76
980,6/28/2022 13:00,15.855
981,6/28/2022 14:00,15.664
982,6/28/2022 15:00,15.187
983,6/28/2022 16:00,15.187
984,6/28/2022 17:00,15.187
985,6/28/2022 18:00,15.091
986,6/28/2022 19:00,14.996
987,6/28/2022 20:00,15.569
988,6/28/2022 21:00,15.76
989,6/28/2022 22:00,16.237
990,6/28/2022 23:00,16.141
991,6/29/2022 0:00,16.046
992,6/29/2022 1:00,16.141
993,6/29/2022 2:00,15.76
994,6/29/2022 3:00,15.76
995,6/29/2022 4:00,15.76
996,6/29/2022 5:00,15.76
997,6/29/2022 6:00,15.951
998,6/29/2022 7:00,16.141
999,6/29/2022 8:00,16.141
1000,6/29/2022 9:00,16.141
1001,6/29/2022 10:00,16.141
1002,6/29/2022 11:00,16.523
1003,6/29/2022 12:00,17.094
1004,6/29/2022 13:00,16.618
1005,6/29/2022 14:00,16.427
1006,6/29/2022 15:00,16.332
1007,6/29/2022 16:00,16.141
1008,6/29/2022 17:00,15.378
1009,6/29/2022 18:00,15.378
1010,6/29/2022 19:00,15.473
1011,6/29/2022 20:00,16.141
1012,6/29/2022 21:00,16.141
1013,6/29/2022 22:00,16.523
1014,6/29/2022 23:00,16.618
1015,6/30/2022 0:00,16.618
1016,6/30/2022 1:00,16.237
1017,6/30/2022 2:00,16.046
1018,6/30/2022 3:00,16.332
1019,6/30/2022 4:00,16.046
1020,6/30/2022 5:00,16.046
1021,6/30/2022 6:00,15.855
1022,6/30/2022 7:00,15.951
1023,6/30/2022 8:00,16.141
1024,6/30/2022 9:00,15.951
1025,6/30/2022 10:00,15.855
1026,6/30/2022 11:00,16.046
1027,6/30/2022 12:00,15.951
1028,6/30/2022 13:00,15.664
1029,6/30/2022 14:00,15.664
1030,6/30/2022 15:00,15.664
1031,6/30/2022 16:00,16.046
1032,6/30/2022 17:00,16.332
1033,6/30/2022 18:00,16.903
1034,6/30/2022 19:00,16.903
1035,6/30/2022 20:00,17.284
1036,6/30/2022 21:00,15.951
1037,6/30/2022 22:00,15.664
1038,6/30/2022 23:00,15.951
1039,7/1/2022 0:00,15.664
1040,7/1/2022 1:00,15.473
1041,7/1/2022 2:00,15.569
1042,7/1/2022 3:00,15.76
1043,7/1/2022 4:00,15.664
1044,7/1/2022 5:00,15.473
1045,7/1/2022 6:00,15.569
1046,7/1/2022 7:00,16.237
1047,7/1/2022 8:00,15.951
1048,7/1/2022 9:00,15.951
1049,7/1/2022 10:00,15.951
1050,7/1/2022 11:00,15.855
1051,7/1/2022 12:00,15.378
1052,7/1/2022 13:00,15.187
1053,7/1/2022 14:00,15.473
1054,7/1/2022 15:00,15.378
1055,7/1/2022 16:00,15.282
1056,7/1/2022 17:00,15.664
1057,7/1/2022 18:00,16.237
1058,7/1/2022 19:00,16.523
1059,7/1/2022 20:00,16.618
1060,7/1/2022 21:00,16.332
1061,7/1/2022 22:00,15.473
1062,7/1/2022 23:00,15.569
1063,7/2/2022 0:00,15.378
1064,7/2/2022 1:00,15.091
1065,7/2/2022 2:00,15.282
1066,7/2/2022 3:00,15.473
1067,7/2/2022 4:00,15.282
1068,7/2/2022 5:00,14.996
1069,7/2/2022 6:00,15.378
1070,7/2/2022 7:00,15.855
1071,7/2/2022 8:00,15.187
1072,7/2/2022 9:00,15.473
1073,7/2/2022 10:00,15.569
1074,7/2/2022 11:00,15.951
1075,7/2/2022 12:00,15.855
1076,7/2/2022 13:00,15.664
1077,7/2/2022 14:00,14.709
1078,7/2/2022 15:00,14.421
1079,7/2/2022 16:00,14.134
1080,7/2/2022 17:00,14.325
1081,7/2/2022 18:00,14.9
1082,7/2/2022 19:00,15.282
1083,7/2/2022 20:00,15.473
1084,7/2/2022 21:00,15.76
1085,7/2/2022 22:00,15.76
1086,7/2/2022 23:00,15.378
1087,7/3/2022 0:00,14.9
1088,7/3/2022 1:00,14.804
1089,7/3/2022 2:00,14.9
1090,7/3/2022 3:00,14.804
1091,7/3/2022 4:00,14.804
1092,7/3/2022 5:00,14.996
1093,7/3/2022 6:00,15.855
1094,7/3/2022 7:00,16.332
1095,7/3/2022 8:00,16.523
1096,7/3/2022 9:00,16.618
1097,7/3/2022 10:00,16.713
1098,7/3/2022 11:00,16.427
1099,7/3/2022 12:00,16.427
1100,7/3/2022 13:00,16.332
1101,7/3/2022 14:00,16.237
1102,7/3/2022 15:00,16.046
1103,7/3/2022 16:00,14.9
1104,7/3/2022 17:00,14.709
1105,7/3/2022 18:00,14.421
1106,7/3/2022 19:00,14.804
1107,7/3/2022 20:00,14.996
1108,7/3/2022 21:00,15.473
1109,7/3/2022 22:00,15.569
1110,7/3/2022 23:00,14.9
1111,7/4/2022 0:00,15.091
1112,7/4/2022 1:00,14.613
1113,7/4/2022 2:00,14.804
1114,7/4/2022 3:00,15.282
1115,7/4/2022 4:00,15.569
1116,7/4/2022 5:00,16.618
1117,7/4/2022 6:00,16.999
1118,7/4/2022 7:00,16.999
1119,7/4/2022 8:00,16.332
1120,7/4/2022 9:00,16.427
1121,7/4/2022 10:00,16.903
1122,7/4/2022 11:00,17.094
1123,7/4/2022 12:00,16.713
1124,7/4/2022 13:00,15.569
1125,7/4/2022 14:00,15.282
1126,7/4/2022 15:00,14.996
1127,7/4/2022 16:00,14.325
1128,7/4/2022 17:00,14.038
1129,7/4/2022 18:00,14.134
1130,7/4/2022 19:00,14.9
1131,7/4/2022 20:00,15.76
1132,7/4/2022 21:00,15.855
1133,7/4/2022 22:00,16.141
1134,7/4/2022 23:00,15.091
1135,7/5/2022 0:00,15.187
1136,7/5/2022 1:00,13.942
1137,7/5/2022 2:00,13.75
1138,7/5/2022 3:00,14.23
1139,7/5/2022 4:00,14.421
1140,7/5/2022 5:00,14.517
1141,7/5/2022 6:00,14.613
1142,7/5/2022 7:00,15.187
1143,7/5/2022 8:00,15.855
1144,7/5/2022 9:00,15.855
1145,7/5/2022 10:00,15.76
1146,7/5/2022 11:00,15.473
1147,7/5/2022 12:00,15.664
1148,7/5/2022 13:00,15.282
1149,7/5/2022 14:00,14.996
1150,7/5/2022 15:00,14.996
1151,7/5/2022 16:00,13.654
1152,7/5/2022 17:00,13.076
1153,7/5/2022 18:00,12.304
1154,7/5/2022 19:00,13.942
1155,7/5/2022 20:00,15.951
1156,7/5/2022 21:00,16.332
1157,7/5/2022 22:00,16.713
1158,7/5/2022 23:00,16.713
1159,7/6/2022 0:00,15.569
1160,7/6/2022 1:00,15.473
1161,7/6/2022 2:00,15.473
1162,7/6/2022 3:00,15.282
1163,7/6/2022 4:00,15.378
1164,7/6/2022 5:00,15.664
1165,7/6/2022 6:00,15.76
1166,7/6/2022 7:00,15.855
1167,7/6/2022 8:00,15.951
1168,7/6/2022 9:00,16.046
1169,7/6/2022 10:00,16.046
1170,7/6/2022 11:00,16.141
1171,7/6/2022 12:00,15.569
1172,7/6/2022 13:00,15.473
1173,7/6/2022 14:00,15.378
1174,7/6/2022 15:00,14.709
1175,7/6/2022 16:00,14.421
1176,7/6/2022 17:00,14.804
1177,7/6/2022 18:00,16.141
1178,7/6/2022 19:00,16.713
1179,7/6/2022 20:00,16.523
1180,7/6/2022 21:00,16.618
1181,7/6/2022 22:00,16.332
1182,7/6/2022 23:00,15.76
1183,7/7/2022 0:00,15.187
1184,7/7/2022 1:00,15.282
1185,7/7/2022 2:00,15.569
1186,7/7/2022 3:00,15.378
1187,7/7/2022 4:00,15.951
1188,7/7/2022 5:00,16.046
1189,7/7/2022 6:00,16.046
1190,7/7/2022 7:00,15.951
1191,7/7/2022 8:00,16.332
1192,7/7/2022 9:00,16.237
1193,7/7/2022 10:00,15.76
1194,7/7/2022 11:00,15.378
1195,7/7/2022 12:00,15.282
1196,7/7/2022 13:00,15.187
1197,7/7/2022 14:00,14.996
1198,7/7/2022 15:00,13.654
1199,7/7/2022 16:00,13.75
1200,7/7/2022 17:00,14.9
1201,7/7/2022 18:00,14.709
1202,7/7/2022 19:00,15.187
1203,7/7/2022 20:00,16.332
1204,7/7/2022 21:00,16.427
1205,7/7/2022 22:00,16.141
1206,7/7/2022 23:00,16.903
1207,7/8/2022 0:00,16.332
1208,7/8/2022 1:00,15.569
1209,7/8/2022 2:00,15.855
1210,7/8/2022 3:00,16.237
1211,7/8/2022 4:00,16.046
1212,7/8/2022 5:00,15.664
1213,7/8/2022 6:00,15.378
1214,7/8/2022 7:00,15.76
1215,7/8/2022 8:00,16.332
1216,7/8/2022 9:00,16.523
1217,7/8/2022 10:00,16.523
1218,7/8/2022 11:00,16.618
1219,7/8/2022 12:00,16.999
1220,7/8/2022 13:00,16.237
1221,7/8/2022 14:00,15.76
1222,7/8/2022 15:00,15.473
1223,7/8/2022 16:00,15.473
1224,7/8/2022 17:00,15.951
1225,7/8/2022 18:00,16.523
1226,7/8/2022 19:00,16.713
1227,7/8/2022 20:00,16.332
1228,7/8/2022 21:00,17.379
1229,7/8/2022 22:00,16.999
1230,7/8/2022 23:00,17.284
1231,7/9/2022 0:00,16.713
1232,7/9/2022 1:00,16.237
1233,7/9/2022 2:00,15.76
1234,7/9/2022 3:00,15.664
1235,7/9/2022 4:00,15.76
1236,7/9/2022 5:00,15.187
1237,7/9/2022 6:00,14.804
1238,7/9/2022 7:00,14.9
1239,7/9/2022 8:00,14.996
1240,7/9/2022 9:00,15.76
1241,7/9/2022 10:00,15.855
1242,7/9/2022 11:00,16.237
1243,7/9/2022 12:00,16.427
1244,7/9/2022 13:00,15.855
1245,7/9/2022 14:00,15.664
1246,7/9/2022 15:00,15.378
1247,7/9/2022 16:00,14.996
1248,7/9/2022 17:00,14.517
1249,7/9/2022 18:00,14.038
1250,7/9/2022 19:00,15.855
1251,7/9/2022 20:00,16.046
1252,7/9/2022 21:00,15.855
1253,7/9/2022 22:00,16.618
1254,7/9/2022 23:00,16.427
1255,7/10/2022 0:00,16.332
1256,7/10/2022 1:00,15.473
1257,7/10/2022 2:00,15.091
1258,7/10/2022 3:00,15.187
1259,7/10/2022 4:00,14.9
1260,7/10/2022 5:00,14.804
1261,7/10/2022 6:00,14.421
1262,7/10/2022 7:00,14.23
1263,7/10/2022 8:00,14.23
1264,7/10/2022 9:00,14.517
1265,7/10/2022 10:00,15.76
1266,7/10/2022 11:00,15.855
1267,7/10/2022 12:00,15.855
1268,7/10/2022 13:00,15.664
1269,7/10/2022 14:00,15.569
1270,7/10/2022 15:00,15.569
1271,7/10/2022 16:00,15.569
1272,7/10/2022 17:00,15.569
1273,7/10/2022 18:00,15.473
1274,7/10/2022 19:00,15.664
1275,7/10/2022 20:00,16.046
1276,7/10/2022 21:00,16.141
1277,7/10/2022 22:00,16.046
1278,7/10/2022 23:00,16.713
1279,7/11/2022 0:00,16.713
1280,7/11/2022 1:00,16.713
1281,7/11/2022 2:00,16.618
1282,7/11/2022 3:00,16.046
1283,7/11/2022 4:00,15.664
1284,7/11/2022 5:00,15.378
1285,7/11/2022 6:00,15.282
1286,7/11/2022 7:00,15.378
1287,7/11/2022 8:00,15.473
1288,7/11/2022 9:00,15.76
1289,7/11/2022 10:00,15.855
1290,7/11/2022 11:00,16.141
1291,7/11/2022 12:00,16.332
1292,7/11/2022 13:00,16.332
1293,7/11/2022 14:00,16.332
1294,7/11/2022 15:00,16.427
1295,7/11/2022 16:00,15.855
1296,7/11/2022 17:00,15.569
1297,7/11/2022 18:00,15.569
1298,7/11/2022 19:00,15.473
1299,7/11/2022 20:00,15.76
1300,7/11/2022 21:00,15.664
1301,7/11/2022 22:00,15.664
1302,7/11/2022 23:00,15.664
1303,7/12/2022 0:00,15.76
1304,7/12/2022 1:00,16.332
1305,7/12/2022 2:00,16.237
1306,7/12/2022 3:00,16.141
1307,7/12/2022 4:00,15.378
1308,7/12/2022 5:00,14.9
1309,7/12/2022 6:00,14.804
1310,7/12/2022 7:00,14.804
1311,7/12/2022 8:00,14.804
1312,7/12/2022 9:00,14.996
1313,7/12/2022 10:00,15.187
1314,7/12/2022 11:00,15.664
1315,7/12/2022 12:00,16.141
1316,7/12/2022 13:00,16.046
1317,7/12/2022 14:00,16.046
1318,7/12/2022 15:00,15.664
1319,7/12/2022 16:00,15.569
1320,7/12/2022 17:00,15.473
1321,7/12/2022 18:00,15.187
1322,7/12/2022 19:00,15.091
1323,7/12/2022 20:00,15.091
1324,7/12/2022 21:00,15.091
1325,7/12/2022 22:00,14.996
1326,7/12/2022 23:00,14.996
1327,7/13/2022 0:00,14.804
1328,7/13/2022 1:00,15.76
1329,7/13/2022 2:00,16.046
1330,7/13/2022 3:00,16.237
1331,7/13/2022 4:00,15.282
1332,7/13/2022 5:00,14.709
1333,7/13/2022 6:00,14.9
1334,7/13/2022 7:00,14.9
1335,7/13/2022 8:00,15.569
1336,7/13/2022 9:00,16.332
1337,7/13/2022 10:00,15.091
1338,7/13/2022 11:00,14.804
1339,7/13/2022 12:00,15.187
1340,7/13/2022 13:00,15.282
1341,7/13/2022 14:00,14.996
1342,7/13/2022 15:00,15.091
1343,7/13/2022 16:00,14.9
1344,7/13/2022 17:00,14.804
1345,7/13/2022 18:00,14.9
1346,7/13/2022 19:00,15.473
1347,7/13/2022 20:00,15.76
1348,7/13/2022 21:00,14.613
1349,7/13/2022 22:00,14.421
1350,7/13/2022 23:00,13.942
1351,7/14/2022 0:00,13.846
1352,7/14/2022 1:00,14.517
1353,7/14/2022 2:00,14.804
1354,7/14/2022 3:00,15.091
1355,7/14/2022 4:00,15.664
1356,7/14/2022 5:00,16.713
1357,7/14/2022 6:00,16.523
1358,7/14/2022 7:00,15.951
1359,7/14/2022 8:00,15.76
1360,7/14/2022 9:00,15.569
1361,7/14/2022 10:00,15.187
1362,7/14/2022 11:00,15.091
1363,7/14/2022 12:00,15.091
1364,7/14/2022 13:00,14.9
1365,7/14/2022 14:00,13.942
1366,7/14/2022 15:00,14.038
1367,7/14/2022 16:00,14.23
1368,7/14/2022 17:00,16.332
1369,7/14/2022 18:00,17.189
1370,7/14/2022 19:00,17.76
1371,7/14/2022 20:00,17.475
1372,7/14/2022 21:00,17.379
1373,7/14/2022 22:00,16.141
1374,7/14/2022 23:00,15.282
1375,7/15/2022 0:00,14.9
1376,7/15/2022 1:00,14.613
1377,7/15/2022 2:00,14.804
1378,7/15/2022 3:00,15.569
1379,7/15/2022 4:00,16.618
1380,7/15/2022 5:00,16.903
1381,7/15/2022 6:00,16.618
1382,7/15/2022 7:00,16.237
1383,7/15/2022 8:00,16.618
1384,7/15/2022 9:00,16.808
1385,7/15/2022 10:00,16.332
1386,7/15/2022 11:00,14.9
1387,7/15/2022 12:00,15.473
1388,7/15/2022 13:00,14.325
1389,7/15/2022 14:00,14.804
1390,7/15/2022 15:00,15.664
1391,7/15/2022 16:00,15.951
1392,7/15/2022 17:00,16.903
1393,7/15/2022 18:00,18.045
1394,7/15/2022 19:00,17.855
1395,7/15/2022 20:00,17.57
1396,7/15/2022 21:00,16.903
1397,7/15/2022 22:00,16.141
1398,7/15/2022 23:00,15.664
1399,7/16/2022 0:00,15.664
1400,7/16/2022 1:00,15.855
1401,7/16/2022 2:00,15.855
1402,7/16/2022 3:00,15.378
1403,7/16/2022 4:00,15.473
1404,7/16/2022 5:00,15.951
1405,7/16/2022 6:00,17.57
1406,7/16/2022 7:00,18.331
1407,7/16/2022 8:00,17.284
1408,7/16/2022 9:00,16.903
1409,7/16/2022 10:00,16.903
1410,7/16/2022 11:00,16.618
1411,7/16/2022 12:00,16.237
1412,7/16/2022 13:00,16.141
1413,7/16/2022 14:00,16.237
1414,7/16/2022 15:00,16.808
1415,7/16/2022 16:00,17.284
1416,7/16/2022 17:00,18.236
1417,7/16/2022 18:00,18.236
1418,7/16/2022 19:00,18.426
1419,7/16/2022 20:00,18.521
1420,7/16/2022 21:00,18.14
1421,7/16/2022 22:00,17.665
1422,7/16/2022 23:00,17.094
1423,7/17/2022 0:00,16.713
1424,7/17/2022 1:00,16.046
1425,7/17/2022 2:00,16.237
1426,7/17/2022 3:00,15.855
1427,7/17/2022 4:00,16.523
1428,7/17/2022 5:00,17.379
1429,7/17/2022 6:00,17.475
1430,7/17/2022 7:00,17.95
1431,7/17/2022 8:00,18.331
1432,7/17/2022 9:00,18.426
1433,7/17/2022 10:00,17.189
1434,7/17/2022 11:00,16.427
1435,7/17/2022 12:00,15.473
1436,7/17/2022 13:00,14.517
1437,7/17/2022 14:00,14.325
1438,7/17/2022 15:00,15.091
1439,7/17/2022 16:00,16.618
1440,7/17/2022 17:00,17.855
1441,7/17/2022 18:00,19.662
1442,7/17/2022 19:00,17.95
1443,7/17/2022 20:00,17.475
1444,7/17/2022 21:00,16.903
1445,7/17/2022 22:00,16.999
1446,7/17/2022 23:00,16.903
1447,7/18/2022 0:00,15.664
1448,7/18/2022 1:00,15.664
1449,7/18/2022 2:00,16.618
1450,7/18/2022 3:00,17.57
1451,7/18/2022 4:00,17.57
1452,7/18/2022 5:00,18.616
1453,7/18/2022 6:00,19.187
1454,7/18/2022 7:00,18.996
1455,7/18/2022 8:00,19.187
1456,7/18/2022 9:00,18.711
1457,7/18/2022 10:00,17.95
1458,7/18/2022 11:00,16.999
1459,7/18/2022 12:00,15.951
1460,7/18/2022 13:00,15.951
1461,7/18/2022 14:00,16.046
1462,7/18/2022 15:00,16.427
1463,7/18/2022 16:00,16.999
1464,7/18/2022 17:00,19.567
1465,7/18/2022 18:00,19.377
1466,7/18/2022 19:00,19.092
1467,7/18/2022 20:00,18.711
1468,7/18/2022 21:00,18.616
1469,7/18/2022 22:00,17.855
1470,7/18/2022 23:00,16.808
1471,7/19/2022 0:00,16.237
1472,7/19/2022 1:00,17.284
1473,7/19/2022 2:00,17.95
1474,7/19/2022 3:00,19.662
1475,7/19/2022 4:00,19.853
1476,7/19/2022 5:00,20.043
1477,7/19/2022 6:00,19.282
1478,7/19/2022 7:00,18.996
1479,7/19/2022 8:00,18.426
1480,7/19/2022 9:00,17.094
1481,7/19/2022 10:00,16.046
1482,7/19/2022 11:00,14.996
1483,7/19/2022 12:00,15.282
1484,7/19/2022 13:00,15.282
1485,7/19/2022 14:00,15.951
1486,7/19/2022 15:00,18.806
1487,7/19/2022 16:00,19.472
1488,7/19/2022 17:00,19.662
1489,7/19/2022 18:00,19.758
1490,7/19/2022 19:00,18.996
1491,7/19/2022 20:00,18.236
1492,7/19/2022 21:00,17.57
1493,7/19/2022 22:00,14.038
1494,7/19/2022 23:00,13.461
1495,7/20/2022 0:00,13.942
1496,7/20/2022 1:00,15.091
1497,7/20/2022 2:00,17.665
1498,7/20/2022 3:00,19.092
1499,7/20/2022 4:00,19.282
1500,7/20/2022 5:00,19.092
1501,7/20/2022 6:00,19.567
1502,7/20/2022 7:00,18.806
1503,7/20/2022 8:00,17.95
1504,7/20/2022 9:00,16.999
1505,7/20/2022 10:00,15.951
1506,7/20/2022 11:00,14.709
1507,7/20/2022 12:00,16.141
1508,7/20/2022 13:00,17.094
1509,7/20/2022 14:00,18.14
1510,7/20/2022 15:00,19.377
1511,7/20/2022 16:00,19.758
1512,7/20/2022 17:00,20.424
1513,7/20/2022 18:00,20.043
1514,7/20/2022 19:00,18.996
1515,7/20/2022 20:00,16.046
1516,7/20/2022 21:00,14.23
1517,7/20/2022 22:00,13.365
1518,7/20/2022 23:00,13.654
1519,7/21/2022 0:00,15.378
1520,7/21/2022 1:00,15.664
1521,7/21/2022 2:00,16.999
1522,7/21/2022 3:00,18.14
1523,7/21/2022 4:00,18.806
1524,7/21/2022 5:00,19.282
1525,7/21/2022 6:00,19.662
1526,7/21/2022 7:00,17.95
1527,7/21/2022 8:00,15.473
1528,7/21/2022 9:00,15.282
1529,7/21/2022 10:00,15.187
1530,7/21/2022 11:00,14.517
1531,7/21/2022 12:00,14.134
1532,7/21/2022 13:00,14.804
1533,7/21/2022 14:00,15.187
1534,7/21/2022 15:00,16.903
1535,7/21/2022 16:00,18.616
1536,7/21/2022 17:00,20.329
1537,7/21/2022 18:00,19.948
1538,7/21/2022 19:00,18.996
1539,7/21/2022 20:00,16.999
1540,7/21/2022 21:00,15.569
1541,7/21/2022 22:00,15.378
1542,7/21/2022 23:00,15.473
1543,7/22/2022 0:00,15.569
1544,7/22/2022 1:00,15.569
1545,7/22/2022 2:00,16.713
1546,7/22/2022 3:00,17.57
1547,7/22/2022 4:00,18.045
1548,7/22/2022 5:00,19.092
1549,7/22/2022 6:00,18.521
1550,7/22/2022 7:00,17.284
1551,7/22/2022 8:00,16.332
1552,7/22/2022 9:00,15.951
1553,7/22/2022 10:00,15.187
1554,7/22/2022 11:00,16.046
1555,7/22/2022 12:00,16.237
1556,7/22/2022 13:00,15.76
1557,7/22/2022 14:00,18.331
1558,7/22/2022 15:00,20.234
1559,7/22/2022 16:00,20.805
1560,7/22/2022 17:00,20.901
1561,7/22/2022 18:00,19.092
1562,7/22/2022 19:00,17.855
1563,7/22/2022 20:00,15.76
1564,7/22/2022 21:00,15.091
1565,7/22/2022 22:00,15.76
1566,7/22/2022 23:00,16.618
1567,7/23/2022 0:00,15.951
1568,7/23/2022 1:00,16.427
1569,7/23/2022 2:00,17.094
1570,7/23/2022 3:00,17.665
1571,7/23/2022 4:00,18.045
1572,7/23/2022 5:00,17.379
1573,7/23/2022 6:00,17.189
1574,7/23/2022 7:00,16.713
1575,7/23/2022 8:00,17.094
1576,7/23/2022 9:00,16.999
1577,7/23/2022 10:00,17.475
1578,7/23/2022 11:00,17.094
1579,7/23/2022 12:00,15.569
1580,7/23/2022 13:00,15.473
1581,7/23/2022 14:00,14.804
1582,7/23/2022 15:00,17.855
1583,7/23/2022 16:00,18.236
1584,7/23/2022 17:00,18.616
1585,7/23/2022 18:00,18.996
1586,7/23/2022 19:00,18.331
1587,7/23/2022 20:00,17.094
1588,7/23/2022 21:00,16.141
1589,7/23/2022 22:00,16.046
1590,7/23/2022 23:00,16.713
1591,7/24/2022 0:00,17.284
1592,7/24/2022 1:00,18.426
1593,7/24/2022 2:00,18.616
1594,7/24/2022 3:00,19.187
1595,7/24/2022 4:00,18.426
1596,7/24/2022 5:00,18.426
1597,7/24/2022 6:00,18.236
1598,7/24/2022 7:00,18.331
1599,7/24/2022 8:00,17.475
