Event#,Date,Temperature
1,5/18/2022 16:30,15.76
2,5/18/2022 17:30,15.378
3,5/18/2022 18:30,15.187
4,5/18/2022 19:30,14.804
5,5/18/2022 20:30,14.421
6,5/18/2022 21:30,14.325
7,5/18/2022 22:30,14.325
8,5/18/2022 23:30,14.325
9,5/19/2022 0:30,12.69
10,5/19/2022 1:30,12.594
11,5/19/2022 2:30,13.173
12,5/19/2022 3:30,12.98
13,5/19/2022 4:30,12.98
14,5/19/2022 5:30,13.076
15,5/19/2022 6:30,13.173
16,5/19/2022 7:30,13.365
17,5/19/2022 8:30,13.365
18,5/19/2022 9:30,13.558
19,5/19/2022 10:30,13.654
20,5/19/2022 11:30,13.461
21,5/19/2022 12:30,13.654
22,5/19/2022 13:30,14.038
23,5/19/2022 14:30,14.038
24,5/19/2022 15:30,14.613
25,5/19/2022 16:30,15.855
26,5/19/2022 17:30,16.237
27,5/19/2022 18:30,16.141
28,5/19/2022 19:30,14.038
29,5/19/2022 20:30,11.819
30,5/19/2022 21:30,11.139
31,5/19/2022 22:30,10.553
32,5/19/2022 23:30,10.357
33,5/20/2022 0:30,10.259
34,5/20/2022 1:30,10.161
35,5/20/2022 2:30,10.063
36,5/20/2022 3:30,9.965
37,5/20/2022 4:30,9.866
38,5/20/2022 5:30,9.768
39,5/20/2022 6:30,9.669
40,5/20/2022 7:30,9.866
41,5/20/2022 8:30,10.161
42,5/20/2022 9:30,10.553
43,5/20/2022 10:30,10.846
44,5/20/2022 11:30,10.944
45,5/20/2022 12:30,11.139
46,5/20/2022 13:30,11.528
47,5/20/2022 14:30,11.625
48,5/20/2022 15:30,11.916
49,5/20/2022 16:30,12.11
50,5/20/2022 17:30,11.916
51,5/20/2022 18:30,11.625
52,5/20/2022 19:30,11.334
53,5/20/2022 20:30,11.528
54,5/20/2022 21:30,11.528
55,5/20/2022 22:30,11.334
56,5/20/2022 23:30,11.236
57,5/21/2022 0:30,11.139
58,5/21/2022 1:30,10.944
59,5/21/2022 2:30,10.651
60,5/21/2022 3:30,10.357
61,5/21/2022 4:30,10.161
62,5/21/2022 5:30,10.161
63,5/21/2022 6:30,10.259
64,5/21/2022 7:30,10.455
65,5/21/2022 8:30,10.748
66,5/21/2022 9:30,10.944
67,5/21/2022 10:30,11.236
68,5/21/2022 11:30,11.528
69,5/21/2022 12:30,11.916
70,5/21/2022 13:30,12.207
71,5/21/2022 14:30,12.497
72,5/21/2022 15:30,12.787
73,5/21/2022 16:30,13.461
74,5/21/2022 17:30,13.461
75,5/21/2022 18:30,13.076
76,5/21/2022 19:30,13.076
77,5/21/2022 20:30,12.98
78,5/21/2022 21:30,12.401
79,5/21/2022 22:30,11.139
80,5/21/2022 23:30,11.431
81,5/22/2022 0:30,11.334
82,5/22/2022 1:30,11.625
83,5/22/2022 2:30,12.11
84,5/22/2022 3:30,12.013
85,5/22/2022 4:30,11.431
86,5/22/2022 5:30,11.236
87,5/22/2022 6:30,11.139
88,5/22/2022 7:30,11.528
89,5/22/2022 8:30,11.819
90,5/22/2022 9:30,12.11
91,5/22/2022 10:30,12.401
92,5/22/2022 11:30,12.497
93,5/22/2022 12:30,13.076
94,5/22/2022 13:30,13.269
95,5/22/2022 14:30,13.654
96,5/22/2022 15:30,14.134
97,5/22/2022 16:30,14.325
98,5/22/2022 17:30,14.517
99,5/22/2022 18:30,14.23
100,5/22/2022 19:30,13.942
101,5/22/2022 20:30,13.654
102,5/22/2022 21:30,13.558
103,5/22/2022 22:30,13.461
104,5/22/2022 23:30,13.461
105,5/23/2022 0:30,13.365
106,5/23/2022 1:30,13.269
107,5/23/2022 2:30,13.173
108,5/23/2022 3:30,12.98
109,5/23/2022 4:30,12.883
110,5/23/2022 5:30,12.69
111,5/23/2022 6:30,12.69
112,5/23/2022 7:30,12.787
113,5/23/2022 8:30,12.98
114,5/23/2022 9:30,13.076
115,5/23/2022 10:30,13.75
116,5/23/2022 11:30,14.421
117,5/23/2022 12:30,14.613
118,5/23/2022 13:30,14.9
119,5/23/2022 14:30,15.76
120,5/23/2022 15:30,16.141
121,5/23/2022 16:30,15.76
122,5/23/2022 17:30,15.855
123,5/23/2022 18:30,15.76
124,5/23/2022 19:30,15.187
125,5/23/2022 20:30,14.996
126,5/23/2022 21:30,14.23
127,5/23/2022 22:30,14.325
128,5/23/2022 23:30,14.038
129,5/24/2022 0:30,14.134
130,5/24/2022 1:30,14.134
131,5/24/2022 2:30,14.134
132,5/24/2022 3:30,14.038
133,5/24/2022 4:30,14.23
134,5/24/2022 5:30,14.038
135,5/24/2022 6:30,14.038
136,5/24/2022 7:30,14.325
137,5/24/2022 8:30,14.517
138,5/24/2022 9:30,14.804
139,5/24/2022 10:30,14.804
140,5/24/2022 11:30,15.091
141,5/24/2022 12:30,15.473
142,5/24/2022 13:30,15.855
143,5/24/2022 14:30,16.046
144,5/24/2022 15:30,16.427
145,5/24/2022 16:30,16.427
146,5/24/2022 17:30,16.141
147,5/24/2022 18:30,15.951
148,5/24/2022 19:30,16.046
149,5/24/2022 20:30,16.332
150,5/24/2022 21:30,15.76
151,5/24/2022 22:30,16.141
152,5/24/2022 23:30,15.76
153,5/25/2022 0:30,15.569
154,5/25/2022 1:30,15.473
155,5/25/2022 2:30,15.378
156,5/25/2022 3:30,15.187
157,5/25/2022 4:30,15.091
158,5/25/2022 5:30,14.9
159,5/25/2022 6:30,14.996
160,5/25/2022 7:30,15.187
161,5/25/2022 8:30,15.473
162,5/25/2022 9:30,15.855
163,5/25/2022 10:30,16.237
164,5/25/2022 11:30,16.523
165,5/25/2022 12:30,16.523
166,5/25/2022 13:30,17.094
167,5/25/2022 14:30,17.855
168,5/25/2022 15:30,17.475
169,5/25/2022 16:30,16.999
170,5/25/2022 17:30,16.999
171,5/25/2022 18:30,16.332
172,5/25/2022 19:30,16.237
173,5/25/2022 20:30,16.427
174,5/25/2022 21:30,17.284
175,5/25/2022 22:30,15.76
176,5/25/2022 23:30,15.569
177,5/26/2022 0:30,15.951
178,5/26/2022 1:30,16.332
179,5/26/2022 2:30,16.237
180,5/26/2022 3:30,16.523
181,5/26/2022 4:30,16.618
182,5/26/2022 5:30,16.713
183,5/26/2022 6:30,16.618
184,5/26/2022 7:30,16.523
185,5/26/2022 8:30,16.808
186,5/26/2022 9:30,16.903
187,5/26/2022 10:30,17.379
188,5/26/2022 11:30,17.76
189,5/26/2022 12:30,18.236
190,5/26/2022 13:30,18.806
191,5/26/2022 14:30,19.662
192,5/26/2022 15:30,19.187
193,5/26/2022 16:30,18.521
194,5/26/2022 17:30,18.901
195,5/26/2022 18:30,18.996
196,5/26/2022 19:30,18.426
197,5/26/2022 20:30,18.331
198,5/26/2022 21:30,17.95
199,5/26/2022 22:30,17.76
200,5/26/2022 23:30,17.57
201,5/27/2022 0:30,14.709
202,5/27/2022 1:30,13.173
203,5/27/2022 2:30,12.594
204,5/27/2022 3:30,12.69
205,5/27/2022 4:30,13.365
206,5/27/2022 5:30,13.942
207,5/27/2022 6:30,13.846
208,5/27/2022 7:30,13.846
209,5/27/2022 8:30,13.654
210,5/27/2022 9:30,14.9
211,5/27/2022 10:30,15.378
212,5/27/2022 11:30,15.569
213,5/27/2022 12:30,15.473
214,5/27/2022 13:30,16.046
215,5/27/2022 14:30,15.951
216,5/27/2022 15:30,16.141
217,5/27/2022 16:30,16.618
218,5/27/2022 17:30,16.427
219,5/27/2022 18:30,16.141
220,5/27/2022 19:30,15.664
221,5/27/2022 20:30,15.855
222,5/27/2022 21:30,15.76
223,5/27/2022 22:30,15.76
224,5/27/2022 23:30,15.664
225,5/28/2022 0:30,15.473
226,5/28/2022 1:30,15.282
227,5/28/2022 2:30,15.187
228,5/28/2022 3:30,13.076
229,5/28/2022 4:30,13.654
230,5/28/2022 5:30,13.076
231,5/28/2022 6:30,13.173
232,5/28/2022 7:30,14.996
233,5/28/2022 8:30,16.046
234,5/28/2022 9:30,16.046
235,5/28/2022 10:30,15.855
236,5/28/2022 11:30,15.378
237,5/28/2022 12:30,15.951
238,5/28/2022 13:30,15.569
239,5/28/2022 14:30,16.237
240,5/28/2022 15:30,16.427
241,5/28/2022 16:30,16.808
242,5/28/2022 17:30,16.046
243,5/28/2022 18:30,15.951
244,5/28/2022 19:30,15.569
245,5/28/2022 20:30,14.613
246,5/28/2022 21:30,14.613
247,5/28/2022 22:30,14.517
248,5/28/2022 23:30,14.23
249,5/29/2022 0:30,14.038
250,5/29/2022 1:30,13.942
251,5/29/2022 2:30,13.75
252,5/29/2022 3:30,13.558
253,5/29/2022 4:30,12.304
254,5/29/2022 5:30,11.819
255,5/29/2022 6:30,12.207
256,5/29/2022 7:30,12.304
257,5/29/2022 8:30,12.207
258,5/29/2022 9:30,13.076
259,5/29/2022 10:30,13.076
260,5/29/2022 11:30,12.98
261,5/29/2022 12:30,13.173
262,5/29/2022 13:30,13.076
263,5/29/2022 14:30,13.365
264,5/29/2022 15:30,13.75
265,5/29/2022 16:30,13.942
266,5/29/2022 17:30,13.75
267,5/29/2022 18:30,13.846
268,5/29/2022 19:30,13.558
269,5/29/2022 20:30,13.173
270,5/29/2022 21:30,12.497
271,5/29/2022 22:30,12.11
272,5/29/2022 23:30,11.916
273,5/30/2022 0:30,11.819
274,5/30/2022 1:30,11.916
275,5/30/2022 2:30,12.013
276,5/30/2022 3:30,12.013
277,5/30/2022 4:30,11.916
278,5/30/2022 5:30,11.819
279,5/30/2022 6:30,11.819
280,5/30/2022 7:30,12.207
281,5/30/2022 8:30,12.013
282,5/30/2022 9:30,12.304
283,5/30/2022 10:30,12.594
284,5/30/2022 11:30,12.69
285,5/30/2022 12:30,12.594
286,5/30/2022 13:30,12.69
287,5/30/2022 14:30,13.461
288,5/30/2022 15:30,13.558
289,5/30/2022 16:30,13.076
290,5/30/2022 17:30,13.461
291,5/30/2022 18:30,13.365
292,5/30/2022 19:30,13.173
293,5/30/2022 20:30,13.076
294,5/30/2022 21:30,12.787
295,5/30/2022 22:30,12.69
296,5/30/2022 23:30,12.594
297,5/31/2022 0:30,12.401
298,5/31/2022 1:30,12.013
299,5/31/2022 2:30,11.722
300,5/31/2022 3:30,11.236
301,5/31/2022 4:30,10.944
302,5/31/2022 5:30,10.748
303,5/31/2022 6:30,10.651
304,5/31/2022 7:30,11.041
305,5/31/2022 8:30,11.528
306,5/31/2022 9:30,12.11
307,5/31/2022 10:30,12.11
308,5/31/2022 11:30,12.11
309,5/31/2022 12:30,12.013
310,5/31/2022 13:30,12.401
311,5/31/2022 14:30,12.594
312,5/31/2022 15:30,13.173
313,5/31/2022 16:30,13.076
314,5/31/2022 17:30,13.076
315,5/31/2022 18:30,13.076
316,5/31/2022 19:30,12.98
317,5/31/2022 20:30,12.787
318,5/31/2022 21:30,12.883
319,5/31/2022 22:30,12.98
320,5/31/2022 23:30,13.076
321,6/1/2022 0:30,12.98
322,6/1/2022 1:30,12.883
323,6/1/2022 2:30,12.883
324,6/1/2022 3:30,12.883
325,6/1/2022 4:30,12.883
326,6/1/2022 5:30,12.883
327,6/1/2022 6:30,12.98
328,6/1/2022 7:30,13.461
329,6/1/2022 8:30,13.942
330,6/1/2022 9:30,14.325
331,6/1/2022 10:30,14.804
332,6/1/2022 11:30,15.378
333,6/1/2022 12:30,15.855
334,6/1/2022 13:30,15.855
335,6/1/2022 14:30,15.664
336,6/1/2022 15:30,15.855
337,6/1/2022 16:30,16.427
338,6/1/2022 17:30,16.427
339,6/1/2022 18:30,15.378
340,6/1/2022 19:30,14.804
341,6/1/2022 20:30,14.996
342,6/1/2022 21:30,15.473
343,6/1/2022 22:30,15.378
344,6/1/2022 23:30,15.378
345,6/2/2022 0:30,15.282
346,6/2/2022 1:30,15.378
347,6/2/2022 2:30,15.282
348,6/2/2022 3:30,14.9
349,6/2/2022 4:30,14.613
350,6/2/2022 5:30,14.517
351,6/2/2022 6:30,14.421
352,6/2/2022 7:30,14.517
353,6/2/2022 8:30,14.709
354,6/2/2022 9:30,15.473
355,6/2/2022 10:30,15.664
356,6/2/2022 11:30,16.523
357,6/2/2022 12:30,16.046
358,6/2/2022 13:30,16.332
359,6/2/2022 14:30,16.999
360,6/2/2022 15:30,17.284
361,6/2/2022 16:30,17.094
362,6/2/2022 17:30,16.903
363,6/2/2022 18:30,16.808
364,6/2/2022 19:30,16.808
365,6/2/2022 20:30,16.808
366,6/2/2022 21:30,16.618
367,6/2/2022 22:30,16.618
368,6/2/2022 23:30,16.523
369,6/3/2022 0:30,16.237
370,6/3/2022 1:30,14.709
371,6/3/2022 2:30,14.23
372,6/3/2022 3:30,14.421
373,6/3/2022 4:30,14.325
374,6/3/2022 5:30,14.23
375,6/3/2022 6:30,14.804
376,6/3/2022 7:30,15.473
377,6/3/2022 8:30,16.141
378,6/3/2022 9:30,16.141
379,6/3/2022 10:30,16.141
380,6/3/2022 11:30,16.903
381,6/3/2022 12:30,17.094
382,6/3/2022 13:30,17.284
383,6/3/2022 14:30,17.475
384,6/3/2022 15:30,17.665
385,6/3/2022 16:30,17.475
386,6/3/2022 17:30,17.189
387,6/3/2022 18:30,16.808
388,6/3/2022 19:30,16.523
389,6/3/2022 20:30,16.427
390,6/3/2022 21:30,16.427
391,6/3/2022 22:30,16.427
392,6/3/2022 23:30,16.237
393,6/4/2022 0:30,16.046
394,6/4/2022 1:30,15.855
395,6/4/2022 2:30,15.187
396,6/4/2022 3:30,14.709
397,6/4/2022 4:30,14.421
398,6/4/2022 5:30,14.23
399,6/4/2022 6:30,14.134
400,6/4/2022 7:30,14.613
401,6/4/2022 8:30,14.517
402,6/4/2022 9:30,14.517
403,6/4/2022 10:30,14.613
404,6/4/2022 11:30,14.709
405,6/4/2022 12:30,14.613
406,6/4/2022 13:30,14.9
407,6/4/2022 14:30,15.76
408,6/4/2022 15:30,15.282
409,6/4/2022 16:30,15.76
410,6/4/2022 17:30,15.951
411,6/4/2022 18:30,15.473
412,6/4/2022 19:30,15.378
413,6/4/2022 20:30,15.378
414,6/4/2022 21:30,15.091
415,6/4/2022 22:30,14.9
416,6/4/2022 23:30,14.709
417,6/5/2022 0:30,14.613
418,6/5/2022 1:30,14.709
419,6/5/2022 2:30,14.804
420,6/5/2022 3:30,14.804
421,6/5/2022 4:30,14.996
422,6/5/2022 5:30,14.996
423,6/5/2022 6:30,14.996
424,6/5/2022 7:30,15.282
425,6/5/2022 8:30,15.473
426,6/5/2022 9:30,15.378
427,6/5/2022 10:30,15.664
428,6/5/2022 11:30,15.664
429,6/5/2022 12:30,15.855
430,6/5/2022 13:30,16.141
431,6/5/2022 14:30,16.332
432,6/5/2022 15:30,16.808
433,6/5/2022 16:30,16.808
434,6/5/2022 17:30,16.999
435,6/5/2022 18:30,16.618
436,6/5/2022 19:30,16.046
437,6/5/2022 20:30,15.664
438,6/5/2022 21:30,15.569
439,6/5/2022 22:30,15.76
440,6/5/2022 23:30,15.664
441,6/6/2022 0:30,15.569
442,6/6/2022 1:30,15.378
443,6/6/2022 2:30,15.378
444,6/6/2022 3:30,15.282
445,6/6/2022 4:30,15.282
446,6/6/2022 5:30,15.187
447,6/6/2022 6:30,15.187
448,6/6/2022 7:30,15.473
449,6/6/2022 8:30,15.76
450,6/6/2022 9:30,15.951
451,6/6/2022 10:30,16.141
452,6/6/2022 11:30,16.332
453,6/6/2022 12:30,16.427
454,6/6/2022 13:30,16.713
455,6/6/2022 14:30,17.094
456,6/6/2022 15:30,17.57
457,6/6/2022 16:30,18.14
458,6/6/2022 17:30,18.14
459,6/6/2022 18:30,17.95
460,6/6/2022 19:30,17.57
461,6/6/2022 20:30,17.094
462,6/6/2022 21:30,16.903
463,6/6/2022 22:30,16.808
464,6/6/2022 23:30,16.808
465,6/7/2022 0:30,16.523
466,6/7/2022 1:30,16.427
467,6/7/2022 2:30,16.427
468,6/7/2022 3:30,16.618
469,6/7/2022 4:30,15.855
470,6/7/2022 5:30,15.569
471,6/7/2022 6:30,15.569
472,6/7/2022 7:30,15.855
473,6/7/2022 8:30,16.332
474,6/7/2022 9:30,16.618
475,6/7/2022 10:30,16.713
476,6/7/2022 11:30,16.808
477,6/7/2022 12:30,16.713
478,6/7/2022 13:30,16.903
479,6/7/2022 14:30,16.808
480,6/7/2022 15:30,18.045
481,6/7/2022 16:30,17.475
482,6/7/2022 17:30,17.189
483,6/7/2022 18:30,17.284
484,6/7/2022 19:30,16.808
485,6/7/2022 20:30,16.523
486,6/7/2022 21:30,16.808
487,6/7/2022 22:30,16.713
488,6/7/2022 23:30,16.618
489,6/8/2022 0:30,16.713
490,6/8/2022 1:30,16.713
491,6/8/2022 2:30,17.094
492,6/8/2022 3:30,17.189
493,6/8/2022 4:30,17.094
494,6/8/2022 5:30,16.808
495,6/8/2022 6:30,16.808
496,6/8/2022 7:30,16.903
497,6/8/2022 8:30,17.189
498,6/8/2022 9:30,17.57
499,6/8/2022 10:30,17.665
500,6/8/2022 11:30,17.95
501,6/8/2022 12:30,18.521
502,6/8/2022 13:30,18.711
503,6/8/2022 14:30,18.901
504,6/8/2022 15:30,18.806
505,6/8/2022 16:30,19.092
506,6/8/2022 17:30,18.901
507,6/8/2022 18:30,19.187
508,6/8/2022 19:30,18.711
509,6/8/2022 20:30,18.806
510,6/8/2022 21:30,18.521
511,6/8/2022 22:30,18.14
512,6/8/2022 23:30,16.237
513,6/9/2022 0:30,15.951
514,6/9/2022 1:30,15.76
515,6/9/2022 2:30,15.569
516,6/9/2022 3:30,15.378
517,6/9/2022 4:30,15.378
518,6/9/2022 5:30,15.76
519,6/9/2022 6:30,16.332
520,6/9/2022 7:30,17.189
521,6/9/2022 9:27,18.14
522,6/9/2022 10:27,18.426
523,6/9/2022 11:27,18.711
524,6/9/2022 12:27,18.996
525,6/9/2022 13:27,19.282
526,6/9/2022 14:27,19.092
527,6/9/2022 15:27,19.662
528,6/9/2022 16:27,19.377
529,6/9/2022 17:27,19.377
530,6/9/2022 18:27,19.282
531,6/9/2022 19:27,19.187
532,6/9/2022 20:27,19.092
533,6/9/2022 21:27,16.523
534,6/9/2022 22:27,17.284
535,6/9/2022 23:27,16.618
536,6/10/2022 0:27,16.523
537,6/10/2022 1:27,16.618
538,6/10/2022 2:27,16.427
539,6/10/2022 3:27,16.332
540,6/10/2022 4:27,16.141
541,6/10/2022 5:27,16.046
542,6/10/2022 6:27,16.237
543,6/10/2022 7:27,16.808
544,6/10/2022 8:27,17.094
545,6/10/2022 9:27,17.284
546,6/10/2022 10:27,17.76
547,6/10/2022 11:27,17.855
548,6/10/2022 12:27,18.14
549,6/10/2022 13:27,18.521
550,6/10/2022 14:27,18.806
551,6/10/2022 15:27,19.948
552,6/10/2022 16:27,20.615
553,6/10/2022 17:27,20.424
554,6/10/2022 18:27,19.092
555,6/10/2022 19:27,19.377
556,6/10/2022 20:27,18.996
557,6/10/2022 21:27,18.616
558,6/10/2022 22:27,18.331
559,6/10/2022 23:27,17.76
560,6/11/2022 0:27,16.618
561,6/11/2022 1:27,14.613
562,6/11/2022 2:27,14.517
563,6/11/2022 3:27,14.517
564,6/11/2022 4:27,14.421
565,6/11/2022 5:27,14.613
566,6/11/2022 6:27,15.282
567,6/11/2022 7:27,15.664
568,6/11/2022 8:27,15.855
569,6/11/2022 9:27,16.332
570,6/11/2022 10:27,16.808
571,6/11/2022 11:27,17.475
572,6/11/2022 12:27,18.521
573,6/11/2022 13:27,19.282
574,6/11/2022 14:27,19.853
575,6/11/2022 15:27,19.758
576,6/11/2022 16:27,19.758
577,6/11/2022 17:27,19.662
578,6/11/2022 18:27,19.187
579,6/11/2022 19:27,18.806
580,6/11/2022 20:27,18.616
581,6/11/2022 21:27,18.521
582,6/11/2022 22:27,18.426
583,6/11/2022 23:27,18.14
584,6/12/2022 0:27,15.473
585,6/12/2022 1:27,16.332
586,6/12/2022 2:27,15.855
587,6/12/2022 3:27,15.855
588,6/12/2022 4:27,15.76
589,6/12/2022 5:27,15.282
590,6/12/2022 6:27,15.091
591,6/12/2022 7:27,14.709
592,6/12/2022 8:27,15.187
593,6/12/2022 9:27,15.282
594,6/12/2022 10:27,15.569
595,6/12/2022 11:27,16.523
596,6/12/2022 12:27,16.713
597,6/12/2022 13:27,16.903
598,6/12/2022 14:27,17.094
599,6/12/2022 15:27,17.475
600,6/12/2022 16:27,17.379
601,6/12/2022 17:27,16.427
602,6/12/2022 18:27,16.046
603,6/12/2022 19:27,15.664
604,6/12/2022 20:27,15.664
605,6/12/2022 21:27,15.951
606,6/12/2022 22:27,15.855
607,6/12/2022 23:27,15.473
608,6/13/2022 0:27,15.282
609,6/13/2022 1:27,15.187
610,6/13/2022 2:27,15.187
611,6/13/2022 3:27,15.187
612,6/13/2022 4:27,14.996
613,6/13/2022 5:27,14.804
614,6/13/2022 6:27,14.709
615,6/13/2022 7:27,14.517
616,6/13/2022 8:27,14.613
617,6/13/2022 9:27,14.613
618,6/13/2022 10:27,14.709
619,6/13/2022 11:27,14.9
620,6/13/2022 12:27,14.9
621,6/13/2022 13:27,15.187
622,6/13/2022 14:27,15.569
623,6/13/2022 15:27,15.664
624,6/13/2022 16:27,16.237
625,6/13/2022 17:27,16.237
626,6/13/2022 18:27,16.523
627,6/13/2022 19:27,16.427
628,6/13/2022 20:27,15.76
629,6/13/2022 21:27,15.091
630,6/13/2022 22:27,15.187
631,6/13/2022 23:27,15.091
632,6/14/2022 0:27,15.091
633,6/14/2022 1:27,14.996
634,6/14/2022 2:27,14.9
635,6/14/2022 3:27,14.613
636,6/14/2022 4:27,14.517
637,6/14/2022 5:27,14.517
638,6/14/2022 6:27,14.421
639,6/14/2022 7:27,14.421
640,6/14/2022 8:27,14.613
641,6/14/2022 9:27,14.709
642,6/14/2022 10:27,14.804
643,6/14/2022 11:27,14.9
644,6/14/2022 12:27,14.996
645,6/14/2022 13:27,15.187
646,6/14/2022 14:27,15.76
647,6/14/2022 15:27,16.046
648,6/14/2022 16:27,16.427
649,6/14/2022 17:27,16.713
650,6/14/2022 18:27,16.808
651,6/14/2022 19:27,16.427
652,6/14/2022 20:27,16.427
653,6/14/2022 21:27,16.046
654,6/14/2022 22:27,15.569
655,6/14/2022 23:27,14.804
656,6/15/2022 0:27,13.942
657,6/15/2022 1:27,14.038
658,6/15/2022 2:27,13.846
659,6/15/2022 3:27,13.558
660,6/15/2022 4:27,13.365
661,6/15/2022 5:27,13.173
662,6/15/2022 6:27,12.497
663,6/15/2022 7:27,12.304
664,6/15/2022 8:27,12.594
665,6/15/2022 9:27,13.654
666,6/15/2022 10:27,14.996
667,6/15/2022 11:27,15.282
668,6/15/2022 12:27,15.282
669,6/15/2022 13:27,15.282
670,6/15/2022 14:27,15.378
671,6/15/2022 15:27,15.569
672,6/15/2022 16:27,15.664
673,6/15/2022 17:27,15.664
674,6/15/2022 18:27,15.76
675,6/15/2022 19:27,15.951
676,6/15/2022 20:27,16.046
677,6/15/2022 21:27,15.855
678,6/15/2022 22:27,16.237
679,6/15/2022 23:27,16.141
680,6/16/2022 0:27,16.332
681,6/16/2022 1:27,16.237
682,6/16/2022 2:27,15.855
683,6/16/2022 3:27,15.473
684,6/16/2022 4:27,15.664
685,6/16/2022 5:27,15.569
686,6/16/2022 6:27,15.569
687,6/16/2022 7:27,15.76
688,6/16/2022 8:27,16.141
689,6/16/2022 9:27,16.237
690,6/16/2022 10:27,16.523
691,6/16/2022 11:27,16.808
692,6/16/2022 12:27,16.713
693,6/16/2022 13:27,16.808
694,6/16/2022 14:27,16.999
695,6/16/2022 15:27,16.903
696,6/16/2022 16:27,17.094
697,6/16/2022 17:27,17.284
698,6/16/2022 18:27,17.189
699,6/16/2022 19:27,16.808
700,6/16/2022 20:27,16.332
701,6/16/2022 21:27,16.332
702,6/16/2022 22:27,16.523
703,6/16/2022 23:27,16.332
704,6/17/2022 0:27,16.237
705,6/17/2022 1:27,16.237
706,6/17/2022 2:27,16.141
707,6/17/2022 3:27,16.237
708,6/17/2022 4:27,16.237
709,6/17/2022 5:27,16.046
710,6/17/2022 6:27,15.855
711,6/17/2022 7:27,15.378
712,6/17/2022 8:27,15.378
713,6/17/2022 9:27,14.613
714,6/17/2022 10:27,14.613
715,6/17/2022 11:27,14.709
716,6/17/2022 12:27,14.996
717,6/17/2022 13:27,14.9
718,6/17/2022 14:27,14.421
719,6/17/2022 15:27,14.613
720,6/17/2022 16:27,14.421
721,6/17/2022 17:27,14.517
722,6/17/2022 18:27,14.23
723,6/17/2022 19:27,13.654
724,6/17/2022 20:27,13.076
725,6/17/2022 21:27,12.594
726,6/17/2022 22:27,12.401
727,6/17/2022 23:27,12.207
728,6/18/2022 0:27,12.11
729,6/18/2022 1:27,11.916
730,6/18/2022 2:27,11.819
731,6/18/2022 3:27,11.722
732,6/18/2022 4:27,11.625
733,6/18/2022 5:27,11.625
734,6/18/2022 6:27,11.819
735,6/18/2022 7:27,12.207
736,6/18/2022 8:27,12.401
737,6/18/2022 9:27,12.594
738,6/18/2022 10:27,12.69
739,6/18/2022 11:27,13.269
740,6/18/2022 12:27,13.558
741,6/18/2022 13:27,14.134
742,6/18/2022 14:27,13.846
743,6/18/2022 15:27,13.461
744,6/18/2022 16:27,14.613
745,6/18/2022 17:27,14.23
746,6/18/2022 18:27,14.134
747,6/18/2022 19:27,14.709
748,6/18/2022 20:27,14.613
749,6/18/2022 21:27,14.325
750,6/18/2022 22:27,14.23
751,6/18/2022 23:27,14.038
752,6/19/2022 0:27,13.942
753,6/19/2022 1:27,14.23
754,6/19/2022 2:27,14.134
755,6/19/2022 3:27,14.134
756,6/19/2022 4:27,14.134
757,6/19/2022 5:27,14.134
758,6/19/2022 6:27,14.134
759,6/19/2022 7:27,14.325
760,6/19/2022 8:27,14.517
761,6/19/2022 9:27,14.421
762,6/19/2022 10:27,14.517
763,6/19/2022 11:27,14.709
764,6/19/2022 12:27,14.804
765,6/19/2022 13:27,15.282
766,6/19/2022 14:27,15.091
767,6/19/2022 15:27,15.378
768,6/19/2022 16:27,15.855
769,6/19/2022 17:27,15.951
770,6/19/2022 18:27,15.378
771,6/19/2022 19:27,15.282
772,6/19/2022 20:27,15.473
773,6/19/2022 21:27,15.569
774,6/19/2022 22:27,15.473
775,6/19/2022 23:27,15.378
776,6/20/2022 0:27,15.091
777,6/20/2022 1:27,14.9
778,6/20/2022 2:27,14.804
779,6/20/2022 3:27,14.709
780,6/20/2022 4:27,14.517
781,6/20/2022 5:27,14.421
782,6/20/2022 6:27,14.421
783,6/20/2022 7:27,14.804
784,6/20/2022 8:27,15.091
785,6/20/2022 9:27,14.996
786,6/20/2022 10:27,15.378
787,6/20/2022 11:27,15.473
788,6/20/2022 12:27,15.664
789,6/20/2022 13:27,15.76
790,6/20/2022 14:27,15.951
791,6/20/2022 15:27,16.427
792,6/20/2022 16:27,16.523
793,6/20/2022 17:27,16.808
794,6/20/2022 18:27,16.808
795,6/20/2022 19:27,16.141
796,6/20/2022 20:27,16.237
797,6/20/2022 21:27,15.76
798,6/20/2022 22:27,15.664
799,6/20/2022 23:27,15.569
800,6/21/2022 0:27,15.378
801,6/21/2022 1:27,15.378
802,6/21/2022 2:27,15.282
803,6/21/2022 3:27,15.091
804,6/21/2022 4:27,14.9
805,6/21/2022 5:27,14.9
806,6/21/2022 6:27,14.804
807,6/21/2022 7:27,14.996
808,6/21/2022 8:27,15.569
809,6/21/2022 9:27,16.046
810,6/21/2022 10:27,16.237
811,6/21/2022 11:27,16.713
812,6/21/2022 12:27,16.808
813,6/21/2022 13:27,17.284
814,6/21/2022 14:27,17.665
815,6/21/2022 15:27,18.236
816,6/21/2022 16:27,18.521
817,6/21/2022 17:27,18.521
818,6/21/2022 18:27,18.521
819,6/21/2022 19:27,18.331
820,6/21/2022 20:27,18.236
821,6/21/2022 21:27,18.426
822,6/21/2022 22:27,18.426
823,6/21/2022 23:27,18.14
824,6/22/2022 0:27,17.855
825,6/22/2022 1:27,17.665
826,6/22/2022 2:27,17.284
827,6/22/2022 3:27,17.094
828,6/22/2022 4:27,16.713
829,6/22/2022 5:27,16.618
830,6/22/2022 6:27,16.523
831,6/22/2022 7:27,16.808
832,6/22/2022 8:27,17.284
833,6/22/2022 9:27,17.855
834,6/22/2022 10:27,18.236
835,6/22/2022 11:27,18.045
836,6/22/2022 12:27,18.045
837,6/22/2022 13:27,18.426
838,6/22/2022 14:27,18.806
839,6/22/2022 15:27,19.282
840,6/22/2022 16:27,19.662
841,6/22/2022 17:27,19.567
842,6/22/2022 18:27,19.377
843,6/22/2022 19:27,18.996
844,6/22/2022 20:27,18.806
845,6/22/2022 21:27,18.901
846,6/22/2022 22:27,19.472
847,6/22/2022 23:27,19.377
848,6/23/2022 0:27,19.282
849,6/23/2022 1:27,19.282
850,6/23/2022 2:27,19.092
851,6/23/2022 3:27,19.187
852,6/23/2022 4:27,19.377
853,6/23/2022 5:27,18.996
854,6/23/2022 6:27,18.616
855,6/23/2022 7:27,18.616
856,6/23/2022 8:27,18.426
857,6/23/2022 9:27,18.426
858,6/23/2022 10:27,18.616
859,6/23/2022 11:27,18.806
860,6/23/2022 12:27,19.758
861,6/23/2022 13:27,19.758
862,6/23/2022 14:27,19.662
863,6/23/2022 15:27,19.567
864,6/23/2022 16:27,19.472
865,6/23/2022 17:27,19.567
866,6/23/2022 18:27,19.567
867,6/23/2022 19:27,19.377
868,6/23/2022 20:27,19.282
869,6/23/2022 21:27,19.187
870,6/23/2022 22:27,19.187
871,6/23/2022 23:27,19.092
872,6/24/2022 0:27,18.996
873,6/24/2022 1:27,18.996
874,6/24/2022 2:27,18.901
875,6/24/2022 3:27,18.901
876,6/24/2022 4:27,18.806
877,6/24/2022 5:27,18.711
878,6/24/2022 6:27,18.806
879,6/24/2022 7:27,18.996
880,6/24/2022 8:27,19.567
881,6/24/2022 9:27,19.662
882,6/24/2022 10:27,19.567
883,6/24/2022 11:27,19.662
884,6/24/2022 12:27,19.948
885,6/24/2022 13:27,20.805
886,6/24/2022 14:27,20.996
887,6/24/2022 15:27,21.091
888,6/24/2022 16:27,21.76
889,6/24/2022 17:27,21.473
890,6/24/2022 18:27,21.569
891,6/24/2022 19:27,21.473
892,6/24/2022 20:27,21.091
893,6/24/2022 21:27,20.615
894,6/24/2022 22:27,19.472
895,6/24/2022 23:27,19.187
896,6/25/2022 0:27,19.377
897,6/25/2022 1:27,19.282
898,6/25/2022 2:27,18.996
899,6/25/2022 3:27,18.711
900,6/25/2022 4:27,18.331
901,6/25/2022 5:27,18.14
902,6/25/2022 6:27,17.76
903,6/25/2022 7:27,17.57
904,6/25/2022 8:27,17.665
905,6/25/2022 9:27,17.665
906,6/25/2022 10:27,18.045
907,6/25/2022 11:27,18.806
908,6/25/2022 12:27,19.092
909,6/25/2022 13:27,19.662
910,6/25/2022 14:27,20.138
911,6/25/2022 15:27,20.424
912,6/25/2022 16:27,20.901
913,6/25/2022 17:27,20.805
914,6/25/2022 18:27,20.71
915,6/25/2022 19:27,20.615
916,6/25/2022 20:27,20.615
917,6/25/2022 21:27,20.329
918,6/25/2022 22:27,19.377
919,6/25/2022 23:27,18.711
920,6/26/2022 0:27,18.14
921,6/26/2022 1:27,18.236
922,6/26/2022 2:27,18.806
923,6/26/2022 3:27,18.806
924,6/26/2022 4:27,18.711
925,6/26/2022 5:27,18.616
926,6/26/2022 6:27,18.521
927,6/26/2022 7:27,18.996
928,6/26/2022 8:27,19.472
929,6/26/2022 9:27,19.662
930,6/26/2022 10:27,19.758
931,6/26/2022 11:27,20.424
932,6/26/2022 12:27,20.424
933,6/26/2022 13:27,20.996
934,6/26/2022 14:27,21.569
935,6/26/2022 15:27,21.76
936,6/26/2022 16:27,21.569
937,6/26/2022 17:27,21.378
938,6/26/2022 18:27,21.091
939,6/26/2022 19:27,22.621
940,6/26/2022 20:27,21.473
941,6/26/2022 21:27,21.76
942,6/26/2022 22:27,21.091
943,6/26/2022 23:27,20.043
944,6/27/2022 0:27,19.758
945,6/27/2022 1:27,18.901
946,6/27/2022 2:27,18.616
947,6/27/2022 3:27,18.521
948,6/27/2022 4:27,18.426
949,6/27/2022 5:27,18.616
950,6/27/2022 6:27,18.616
951,6/27/2022 7:27,18.996
952,6/27/2022 8:27,20.138
953,6/27/2022 9:27,20.901
954,6/27/2022 10:27,20.71
955,6/27/2022 11:27,21.187
956,6/27/2022 12:27,21.76
957,6/27/2022 13:27,21.855
958,6/27/2022 14:27,21.951
959,6/27/2022 15:27,22.238
960,6/27/2022 16:27,22.717
961,6/27/2022 17:27,22.621
962,6/27/2022 18:27,22.525
963,6/27/2022 19:27,22.429
964,6/27/2022 20:27,22.142
965,6/27/2022 21:27,21.855
966,6/27/2022 22:27,21.569
967,6/27/2022 23:27,21.091
968,6/28/2022 0:27,20.71
969,6/28/2022 1:27,19.567
970,6/28/2022 2:27,17.189
971,6/28/2022 3:27,16.808
972,6/28/2022 4:27,16.808
973,6/28/2022 5:27,16.523
974,6/28/2022 6:27,16.808
975,6/28/2022 7:27,17.57
976,6/28/2022 8:27,18.236
977,6/28/2022 9:27,18.996
978,6/28/2022 10:27,19.092
979,6/28/2022 11:27,19.092
980,6/28/2022 12:27,18.901
981,6/28/2022 13:27,20.519
982,6/28/2022 14:27,21.282
983,6/28/2022 15:27,20.996
984,6/28/2022 16:27,20.901
985,6/28/2022 17:27,20.805
986,6/28/2022 18:27,20.805
987,6/28/2022 19:27,20.71
988,6/28/2022 20:27,20.424
989,6/28/2022 21:27,19.853
990,6/28/2022 22:27,17.094
991,6/28/2022 23:27,16.713
992,6/29/2022 0:27,16.713
993,6/29/2022 1:27,17.379
994,6/29/2022 2:27,18.616
995,6/29/2022 3:27,18.331
996,6/29/2022 4:27,18.14
997,6/29/2022 5:27,17.855
998,6/29/2022 6:27,17.95
999,6/29/2022 7:27,18.331
1000,6/29/2022 8:27,18.806
1001,6/29/2022 9:27,18.331
1002,6/29/2022 10:27,18.616
1003,6/29/2022 11:27,19.377
1004,6/29/2022 12:27,19.853
1005,6/29/2022 13:27,20.329
1006,6/29/2022 14:27,20.615
1007,6/29/2022 15:27,20.996
1008,6/29/2022 16:27,21.187
1009,6/29/2022 17:27,21.473
1010,6/29/2022 18:27,21.378
1011,6/29/2022 19:27,21.187
1012,6/29/2022 20:27,20.901
1013,6/29/2022 21:27,20.71
1014,6/29/2022 22:27,20.424
1015,6/29/2022 23:27,20.234
1016,6/30/2022 0:27,18.521
1017,6/30/2022 1:27,17.95
1018,6/30/2022 2:27,17.855
1019,6/30/2022 3:27,18.901
1020,6/30/2022 4:27,18.616
1021,6/30/2022 5:27,18.426
1022,6/30/2022 6:27,18.236
1023,6/30/2022 7:27,18.426
1024,6/30/2022 8:27,18.521
1025,6/30/2022 9:27,18.711
1026,6/30/2022 10:27,18.806
1027,6/30/2022 11:27,19.377
1028,6/30/2022 12:27,19.567
1029,6/30/2022 13:27,20.424
1030,6/30/2022 14:27,20.805
1031,6/30/2022 15:27,21.282
1032,6/30/2022 16:27,21.473
1033,6/30/2022 17:27,21.569
1034,6/30/2022 18:27,21.378
1035,6/30/2022 19:27,21.091
1036,6/30/2022 20:27,20.71
1037,6/30/2022 21:27,20.519
1038,6/30/2022 22:27,20.138
1039,6/30/2022 23:27,19.948
1040,7/1/2022 0:27,19.567
1041,7/1/2022 1:27,19.662
1042,7/1/2022 2:27,19.282
1043,7/1/2022 3:27,19.092
1044,7/1/2022 4:27,18.901
1045,7/1/2022 5:27,18.806
1046,7/1/2022 6:27,18.806
1047,7/1/2022 7:27,18.901
1048,7/1/2022 8:27,18.711
1049,7/1/2022 9:27,18.616
1050,7/1/2022 10:27,18.996
1051,7/1/2022 11:27,19.472
1052,7/1/2022 12:27,19.758
1053,7/1/2022 13:27,20.234
1054,7/1/2022 14:27,20.424
1055,7/1/2022 15:27,20.615
1056,7/1/2022 16:27,20.71
1057,7/1/2022 17:27,20.805
1058,7/1/2022 18:27,20.901
1059,7/1/2022 19:27,20.805
1060,7/1/2022 20:27,20.901
1061,7/1/2022 21:27,20.805
1062,7/1/2022 22:27,20.71
1063,7/1/2022 23:27,20.615
1064,7/2/2022 0:27,19.472
1065,7/2/2022 1:27,19.092
1066,7/2/2022 2:27,18.901
1067,7/2/2022 3:27,18.711
1068,7/2/2022 4:27,18.616
1069,7/2/2022 5:27,19.092
1070,7/2/2022 6:27,18.806
1071,7/2/2022 7:27,19.092
1072,7/2/2022 8:27,19.377
1073,7/2/2022 9:27,20.043
1074,7/2/2022 10:27,20.329
1075,7/2/2022 11:27,20.329
1076,7/2/2022 12:27,20.043
1077,7/2/2022 13:27,20.519
1078,7/2/2022 14:27,20.805
1079,7/2/2022 15:27,21.091
1080,7/2/2022 16:27,21.091
1081,7/2/2022 17:27,21.569
1082,7/2/2022 18:27,21.091
1083,7/2/2022 19:27,20.329
1084,7/2/2022 20:27,20.424
1085,7/2/2022 21:27,20.329
1086,7/2/2022 22:27,20.138
1087,7/2/2022 23:27,19.853
1088,7/3/2022 0:27,19.472
1089,7/3/2022 1:27,19.282
1090,7/3/2022 2:27,17.76
1091,7/3/2022 3:27,17.76
1092,7/3/2022 4:27,17.855
1093,7/3/2022 5:27,17.76
1094,7/3/2022 6:27,17.665
1095,7/3/2022 7:27,17.665
1096,7/3/2022 8:27,17.95
1097,7/3/2022 9:27,18.331
1098,7/3/2022 10:27,18.426
1099,7/3/2022 11:27,18.616
1100,7/3/2022 12:27,18.996
1101,7/3/2022 13:27,18.901
1102,7/3/2022 14:27,19.187
1103,7/3/2022 15:27,19.377
1104,7/3/2022 16:27,19.472
1105,7/3/2022 17:27,19.662
1106,7/3/2022 18:27,19.472
1107,7/3/2022 19:27,19.282
1108,7/3/2022 20:27,18.996
1109,7/3/2022 21:27,18.521
1110,7/3/2022 22:27,18.426
1111,7/3/2022 23:27,18.711
1112,7/4/2022 0:27,18.711
1113,7/4/2022 1:27,18.616
1114,7/4/2022 2:27,18.331
1115,7/4/2022 3:27,18.045
1116,7/4/2022 4:27,18.045
1117,7/4/2022 5:27,18.045
1118,7/4/2022 6:27,18.045
1119,7/4/2022 7:27,18.426
1120,7/4/2022 8:27,18.711
1121,7/4/2022 9:27,18.521
1122,7/4/2022 10:27,18.711
1123,7/4/2022 11:27,18.711
1124,7/4/2022 12:27,19.092
1125,7/4/2022 13:27,19.187
1126,7/4/2022 14:27,19.472
1127,7/4/2022 15:27,19.662
1128,7/4/2022 16:27,19.662
1129,7/4/2022 17:27,20.043
1130,7/4/2022 18:27,20.043
1131,7/4/2022 19:27,19.853
1132,7/4/2022 20:27,19.758
1133,7/4/2022 21:27,19.758
1134,7/4/2022 22:27,19.662
1135,7/4/2022 23:27,19.282
1136,7/5/2022 0:27,19.282
1137,7/5/2022 1:27,19.472
1138,7/5/2022 2:27,18.996
1139,7/5/2022 3:27,19.092
1140,7/5/2022 4:27,18.996
1141,7/5/2022 5:27,19.092
1142,7/5/2022 6:27,18.901
1143,7/5/2022 7:27,18.901
1144,7/5/2022 8:27,18.711
1145,7/5/2022 9:27,19.282
1146,7/5/2022 10:27,19.377
1147,7/5/2022 11:27,19.472
1148,7/5/2022 12:27,19.948
1149,7/5/2022 13:27,20.043
1150,7/5/2022 14:27,20.234
1151,7/5/2022 15:27,20.424
1152,7/5/2022 16:27,20.519
1153,7/5/2022 17:27,20.234
1154,7/5/2022 18:27,20.329
1155,7/5/2022 19:27,20.329
1156,7/5/2022 20:27,20.234
1157,7/5/2022 21:27,20.043
1158,7/5/2022 22:27,19.377
1159,7/5/2022 23:27,18.331
1160,7/6/2022 0:27,17.665
1161,7/6/2022 1:27,17.475
1162,7/6/2022 2:27,17.855
1163,7/6/2022 3:27,18.426
1164,7/6/2022 4:27,18.14
1165,7/6/2022 5:27,17.95
1166,7/6/2022 6:27,17.95
1167,7/6/2022 7:27,18.236
1168,7/6/2022 8:27,18.521
1169,7/6/2022 9:27,18.616
1170,7/6/2022 10:27,18.901
1171,7/6/2022 11:27,19.092
1172,7/6/2022 12:27,19.377
1173,7/6/2022 13:27,19.377
1174,7/6/2022 14:27,19.948
1175,7/6/2022 15:27,20.329
1176,7/6/2022 16:27,20.424
1177,7/6/2022 17:27,20.615
1178,7/6/2022 18:27,20.424
1179,7/6/2022 19:27,20.424
1180,7/6/2022 20:27,19.853
1181,7/6/2022 21:27,19.472
1182,7/6/2022 22:27,19.472
1183,7/6/2022 23:27,19.187
1184,7/7/2022 0:27,18.331
1185,7/7/2022 1:27,17.95
1186,7/7/2022 2:27,18.236
1187,7/7/2022 3:27,18.045
1188,7/7/2022 4:27,18.616
1189,7/7/2022 5:27,18.426
1190,7/7/2022 6:27,18.331
1191,7/7/2022 7:27,18.426
1192,7/7/2022 8:27,18.616
1193,7/7/2022 9:27,18.901
1194,7/7/2022 10:27,19.662
1195,7/7/2022 11:27,19.472
1196,7/7/2022 12:27,19.472
1197,7/7/2022 13:27,19.567
1198,7/7/2022 14:27,19.567
1199,7/7/2022 15:27,20.234
1200,7/7/2022 16:27,20.234
1201,7/7/2022 17:27,20.424
1202,7/7/2022 18:27,20.424
1203,7/7/2022 19:27,20.138
1204,7/7/2022 20:27,20.329
1205,7/7/2022 21:27,19.662
1206,7/7/2022 22:27,18.236
1207,7/7/2022 23:27,17.855
1208,7/8/2022 0:27,17.57
1209,7/8/2022 1:27,17.57
1210,7/8/2022 2:27,18.996
1211,7/8/2022 3:27,19.282
1212,7/8/2022 4:27,18.806
1213,7/8/2022 5:27,18.426
1214,7/8/2022 6:27,18.331
1215,7/8/2022 7:27,18.521
1216,7/8/2022 8:27,18.806
1217,7/8/2022 9:27,19.092
1218,7/8/2022 10:27,19.282
1219,7/8/2022 11:27,19.377
1220,7/8/2022 12:27,19.662
1221,7/8/2022 13:27,20.138
1222,7/8/2022 14:27,20.805
1223,7/8/2022 15:27,21.187
1224,7/8/2022 16:27,21.473
1225,7/8/2022 17:27,21.76
1226,7/8/2022 18:27,21.473
1227,7/8/2022 19:27,21.187
1228,7/8/2022 20:27,20.805
1229,7/8/2022 21:27,20.615
1230,7/8/2022 22:27,20.043
1231,7/8/2022 23:27,20.329
1232,7/9/2022 0:27,20.234
1233,7/9/2022 1:27,19.662
1234,7/9/2022 2:27,19.282
1235,7/9/2022 3:27,18.996
1236,7/9/2022 4:27,18.806
1237,7/9/2022 5:27,18.901
1238,7/9/2022 6:27,19.567
1239,7/9/2022 7:27,19.567
1240,7/9/2022 8:27,19.377
1241,7/9/2022 9:27,19.567
1242,7/9/2022 10:27,19.662
1243,7/9/2022 11:27,19.853
1244,7/9/2022 12:27,20.043
1245,7/9/2022 13:27,20.901
1246,7/9/2022 14:27,20.996
1247,7/9/2022 15:27,21.091
1248,7/9/2022 16:27,21.187
1249,7/9/2022 17:27,21.569
1250,7/9/2022 18:27,21.569
1251,7/9/2022 19:27,21.378
1252,7/9/2022 20:27,21.378
1253,7/9/2022 21:27,21.091
1254,7/9/2022 22:27,19.377
1255,7/9/2022 23:27,18.901
1256,7/10/2022 0:27,18.996
1257,7/10/2022 1:27,19.187
1258,7/10/2022 2:27,19.567
1259,7/10/2022 3:27,19.472
1260,7/10/2022 4:27,19.472
1261,7/10/2022 5:27,19.472
1262,7/10/2022 6:27,19.472
1263,7/10/2022 7:27,19.567
1264,7/10/2022 8:27,19.567
1265,7/10/2022 9:27,19.567
1266,7/10/2022 10:27,19.853
1267,7/10/2022 11:27,20.043
1268,7/10/2022 12:27,20.329
1269,7/10/2022 13:27,20.615
1270,7/10/2022 14:27,20.901
1271,7/10/2022 15:27,21.187
1272,7/10/2022 16:27,21.569
1273,7/10/2022 17:27,21.855
1274,7/10/2022 18:27,21.378
1275,7/10/2022 19:27,21.569
1276,7/10/2022 20:27,21.282
1277,7/10/2022 21:27,21.282
1278,7/10/2022 22:27,21.187
1279,7/10/2022 23:27,20.996
1280,7/11/2022 0:27,21.282
1281,7/11/2022 1:27,21.091
1282,7/11/2022 2:27,20.901
1283,7/11/2022 3:27,20.329
1284,7/11/2022 4:27,20.329
1285,7/11/2022 5:27,20.234
1286,7/11/2022 6:27,20.138
1287,7/11/2022 7:27,20.138
1288,7/11/2022 8:27,20.234
1289,7/11/2022 9:27,20.329
1290,7/11/2022 10:27,20.615
1291,7/11/2022 11:27,21.378
1292,7/11/2022 12:27,21.76
1293,7/11/2022 13:27,22.238
1294,7/11/2022 14:27,22.333
1295,7/11/2022 15:27,22.333
1296,7/11/2022 16:27,22.525
1297,7/11/2022 17:27,22.717
1298,7/11/2022 18:27,22.812
1299,7/11/2022 19:27,22.812
1300,7/11/2022 20:27,22.812
1301,7/11/2022 21:27,22.812
1302,7/11/2022 22:27,22.717
1303,7/11/2022 23:27,22.717
1304,7/12/2022 0:27,22.812
1305,7/12/2022 1:27,22.812
1306,7/12/2022 2:27,22.812
1307,7/12/2022 3:27,22.717
1308,7/12/2022 4:27,22.525
1309,7/12/2022 5:27,22.429
1310,7/12/2022 6:27,22.333
1311,7/12/2022 7:27,22.429
1312,7/12/2022 8:27,22.621
1313,7/12/2022 9:27,22.812
1314,7/12/2022 10:27,23.004
1315,7/12/2022 11:27,23.292
1316,7/12/2022 12:27,23.484
1317,7/12/2022 13:27,23.581
1318,7/12/2022 14:27,23.773
1319,7/12/2022 15:27,23.966
1320,7/12/2022 16:27,24.158
1321,7/12/2022 17:27,24.351
1322,7/12/2022 18:27,24.448
1323,7/12/2022 19:27,24.062
1324,7/12/2022 20:27,24.448
1325,7/12/2022 21:27,24.351
1326,7/12/2022 22:27,23.966
1327,7/12/2022 23:27,22.046
1328,7/13/2022 0:27,21.282
1329,7/13/2022 1:27,21.855
1330,7/13/2022 2:27,21.664
1331,7/13/2022 3:27,20.615
1332,7/13/2022 4:27,20.71
1333,7/13/2022 5:27,20.424
1334,7/13/2022 6:27,20.615
1335,7/13/2022 7:27,20.901
1336,7/13/2022 8:27,21.378
1337,7/13/2022 9:27,21.664
1338,7/13/2022 10:27,22.142
1339,7/13/2022 11:27,22.812
1340,7/13/2022 12:27,23.484
1341,7/13/2022 13:27,23.869
1342,7/13/2022 14:27,23.677
1343,7/13/2022 15:27,23.869
1344,7/13/2022 16:27,24.158
1345,7/13/2022 17:27,24.158
1346,7/13/2022 18:27,24.062
1347,7/13/2022 19:27,23.581
1348,7/13/2022 20:27,22.908
1349,7/13/2022 21:27,22.908
1350,7/13/2022 22:27,22.717
1351,7/13/2022 23:27,22.238
1352,7/14/2022 0:27,21.473
1353,7/14/2022 1:27,20.71
1354,7/14/2022 2:27,20.424
1355,7/14/2022 3:27,20.234
1356,7/14/2022 4:27,20.519
1357,7/14/2022 5:27,20.329
1358,7/14/2022 6:27,20.138
1359,7/14/2022 7:27,20.234
1360,7/14/2022 8:27,20.901
1361,7/14/2022 9:27,21.282
1362,7/14/2022 10:27,21.664
1363,7/14/2022 11:27,22.046
1364,7/14/2022 12:27,22.333
1365,7/14/2022 13:27,22.812
1366,7/14/2022 14:27,23.004
1367,7/14/2022 15:27,23.388
1368,7/14/2022 16:27,23.773
1369,7/14/2022 17:27,23.677
1370,7/14/2022 18:27,23.388
1371,7/14/2022 19:27,23.196
1372,7/14/2022 20:27,23.1
1373,7/14/2022 21:27,22.429
1374,7/14/2022 22:27,22.238
1375,7/14/2022 23:27,22.142
1376,7/15/2022 0:27,22.238
1377,7/15/2022 1:27,21.855
1378,7/15/2022 2:27,21.76
1379,7/15/2022 3:27,22.046
1380,7/15/2022 4:27,21.76
1381,7/15/2022 5:27,21.664
1382,7/15/2022 6:27,21.473
1383,7/15/2022 7:27,21.569
1384,7/15/2022 8:27,21.855
1385,7/15/2022 9:27,21.951
1386,7/15/2022 10:27,21.951
1387,7/15/2022 11:27,22.046
1388,7/15/2022 12:27,22.621
1389,7/15/2022 13:27,23.004
1390,7/15/2022 14:27,23.484
1391,7/15/2022 15:27,23.388
1392,7/15/2022 16:27,23.966
1393,7/15/2022 17:27,23.869
1394,7/15/2022 18:27,23.581
1395,7/15/2022 19:27,23.292
1396,7/15/2022 20:27,23.1
1397,7/15/2022 21:27,23.004
1398,7/15/2022 22:27,22.908
1399,7/15/2022 23:27,22.812
1400,7/16/2022 0:27,21.664
1401,7/16/2022 1:27,20.805
1402,7/16/2022 2:27,20.615
1403,7/16/2022 3:27,20.71
1404,7/16/2022 4:27,20.519
1405,7/16/2022 5:27,20.519
1406,7/16/2022 6:27,20.519
1407,7/16/2022 7:27,20.805
1408,7/16/2022 8:27,21.091
1409,7/16/2022 9:27,21.091
1410,7/16/2022 10:27,21.951
1411,7/16/2022 11:27,22.046
1412,7/16/2022 12:27,22.333
1413,7/16/2022 13:27,23.388
1414,7/16/2022 14:27,23.388
1415,7/16/2022 15:27,23.1
1416,7/16/2022 16:27,23.869
1417,7/16/2022 17:27,24.158
1418,7/16/2022 18:27,23.581
1419,7/16/2022 19:27,23.484
1420,7/16/2022 20:27,23.484
1421,7/16/2022 21:27,23.196
1422,7/16/2022 22:27,23.292
1423,7/16/2022 23:27,23.004
1424,7/17/2022 0:27,22.621
1425,7/17/2022 1:27,20.805
1426,7/17/2022 2:27,20.71
1427,7/17/2022 3:27,20.615
1428,7/17/2022 4:27,20.71
1429,7/17/2022 5:27,21.378
1430,7/17/2022 6:27,21.378
1431,7/17/2022 7:27,21.569
1432,7/17/2022 8:27,21.664
1433,7/17/2022 9:27,21.569
1434,7/17/2022 10:27,22.238
1435,7/17/2022 11:27,22.621
1436,7/17/2022 12:27,22.621
1437,7/17/2022 13:27,22.908
1438,7/17/2022 14:27,23.292
1439,7/17/2022 15:27,23.196
1440,7/17/2022 16:27,23.773
1441,7/17/2022 17:27,23.869
1442,7/17/2022 18:27,23.677
1443,7/17/2022 19:27,23.388
1444,7/17/2022 20:27,23.1
1445,7/17/2022 21:27,23.004
1446,7/17/2022 22:27,23.1
1447,7/17/2022 23:27,22.621
1448,7/18/2022 0:27,22.333
1449,7/18/2022 1:27,22.333
1450,7/18/2022 2:27,21.951
1451,7/18/2022 3:27,22.046
1452,7/18/2022 4:27,22.142
1453,7/18/2022 5:27,22.621
1454,7/18/2022 6:27,22.525
1455,7/18/2022 7:27,22.812
1456,7/18/2022 8:27,22.908
1457,7/18/2022 9:27,23.004
1458,7/18/2022 10:27,23.388
1459,7/18/2022 11:27,23.484
1460,7/18/2022 12:27,23.869
1461,7/18/2022 13:27,24.062
1462,7/18/2022 14:27,24.255
1463,7/18/2022 15:27,25.319
1464,7/18/2022 16:27,25.319
1465,7/18/2022 17:27,24.931
1466,7/18/2022 18:27,24.738
1467,7/18/2022 19:27,24.351
1468,7/18/2022 20:27,24.062
1469,7/18/2022 21:27,23.581
1470,7/18/2022 22:27,22.046
1471,7/18/2022 23:27,22.429
1472,7/19/2022 0:27,22.525
1473,7/19/2022 1:27,21.569
1474,7/19/2022 2:27,21.473
1475,7/19/2022 3:27,21.569
1476,7/19/2022 4:27,21.569
1477,7/19/2022 5:27,21.378
1478,7/19/2022 6:27,21.378
1479,7/19/2022 7:27,21.569
1480,7/19/2022 8:27,21.855
1481,7/19/2022 9:27,22.046
1482,7/19/2022 10:27,22.142
1483,7/19/2022 11:27,22.238
1484,7/19/2022 12:27,22.812
1485,7/19/2022 13:27,23.677
1486,7/19/2022 14:27,24.158
1487,7/19/2022 15:27,24.738
1488,7/19/2022 16:27,25.319
1489,7/19/2022 17:27,25.61
1490,7/19/2022 18:27,25.319
1491,7/19/2022 19:27,24.641
1492,7/19/2022 20:27,24.448
1493,7/19/2022 21:27,24.351
1494,7/19/2022 22:27,24.062
1495,7/19/2022 23:27,24.255
1496,7/20/2022 0:27,24.255
1497,7/20/2022 1:27,24.062
1498,7/20/2022 2:27,23.1
1499,7/20/2022 3:27,22.908
1500,7/20/2022 4:27,22.717
1501,7/20/2022 5:27,22.525
1502,7/20/2022 6:27,22.621
1503,7/20/2022 7:27,22.812
1504,7/20/2022 8:27,22.908
1505,7/20/2022 9:27,23.1
1506,7/20/2022 10:27,23.581
1507,7/20/2022 11:27,23.677
1508,7/20/2022 12:27,23.966
1509,7/20/2022 13:27,24.255
1510,7/20/2022 14:27,24.545
1511,7/20/2022 15:27,24.738
1512,7/20/2022 16:27,24.931
1513,7/20/2022 17:27,25.125
1514,7/20/2022 18:27,25.028
1515,7/20/2022 19:27,24.835
1516,7/20/2022 20:27,24.641
1517,7/20/2022 21:27,24.448
1518,7/20/2022 22:27,24.255
1519,7/20/2022 23:27,23.966
1520,7/21/2022 0:27,24.062
1521,7/21/2022 1:27,23.773
1522,7/21/2022 2:27,23.388
1523,7/21/2022 3:27,23.196
1524,7/21/2022 4:27,23.1
1525,7/21/2022 5:27,22.908
1526,7/21/2022 6:27,22.812
1527,7/21/2022 7:27,23.1
1528,7/21/2022 8:27,23.484
1529,7/21/2022 9:27,23.677
1530,7/21/2022 10:27,23.966
1531,7/21/2022 11:27,24.448
1532,7/21/2022 12:27,24.545
1533,7/21/2022 13:27,24.545
1534,7/21/2022 14:27,24.835
1535,7/21/2022 15:27,25.028
1536,7/21/2022 16:27,25.125
1537,7/21/2022 17:27,25.513
1538,7/21/2022 18:27,25.222
1539,7/21/2022 19:27,25.125
1540,7/21/2022 20:27,24.931
1541,7/21/2022 21:27,24.641
1542,7/21/2022 22:27,24.448
1543,7/21/2022 23:27,24.545
1544,7/22/2022 0:27,24.448
1545,7/22/2022 1:27,24.158
1546,7/22/2022 2:27,24.062
1547,7/22/2022 3:27,23.869
1548,7/22/2022 4:27,23.581
1549,7/22/2022 5:27,23.388
1550,7/22/2022 6:27,23.292
1551,7/22/2022 7:27,23.196
1552,7/22/2022 8:27,23.484
1553,7/22/2022 9:27,23.869
1554,7/22/2022 10:27,23.677
1555,7/22/2022 11:27,23.966
1556,7/22/2022 12:27,24.158
1557,7/22/2022 13:27,24.255
1558,7/22/2022 14:27,24.545
1559,7/22/2022 15:27,24.738
1560,7/22/2022 16:27,25.319
1561,7/22/2022 17:27,25.125
1562,7/22/2022 18:27,24.835
1563,7/22/2022 19:27,24.641
1564,7/22/2022 20:27,24.545
1565,7/22/2022 21:27,24.351
1566,7/22/2022 22:27,24.158
1567,7/22/2022 23:27,24.062
1568,7/23/2022 0:27,23.966
1569,7/23/2022 1:27,23.773
1570,7/23/2022 2:27,23.388
1571,7/23/2022 3:27,23.388
1572,7/23/2022 4:27,23.292
1573,7/23/2022 5:27,23.1
1574,7/23/2022 6:27,22.908
1575,7/23/2022 7:27,23.004
1576,7/23/2022 8:27,23.1
1577,7/23/2022 9:27,23.388
1578,7/23/2022 10:27,23.677
1579,7/23/2022 11:27,23.869
1580,7/23/2022 12:27,24.255
1581,7/23/2022 13:27,24.255
1582,7/23/2022 14:27,24.641
1583,7/23/2022 15:27,24.931
1584,7/23/2022 16:27,25.125
1585,7/23/2022 17:27,25.513
1586,7/23/2022 18:27,25.416
1587,7/23/2022 19:27,25.028
1588,7/23/2022 20:27,24.738
1589,7/23/2022 21:27,24.931
1590,7/23/2022 22:27,24.641
1591,7/23/2022 23:27,24.351
1592,7/24/2022 0:27,24.255
1593,7/24/2022 1:27,24.062
1594,7/24/2022 2:27,23.869
1595,7/24/2022 3:27,23.773
1596,7/24/2022 4:27,23.581
1597,7/24/2022 5:27,23.484
1598,7/24/2022 6:27,23.484
1599,7/24/2022 7:27,23.581
1600,7/24/2022 8:27,16.903
